vprog,amp_neuron,vth,input_nbr,tau_in,tau_out,lr,alpha,multiplicative,iterations,presentation_time,pause_time,dt,n_neurons,inhibition_time,tau_ref_in,tau_ref_out,inc_n,tau_n,synapse_layer_1,winit_max,vprog_increment,voltage_clip_max,voltage_clip_min,Vapp_multiplier,gain_in,bias_in,noise_input,accuracy,accuracy_2,seed
0,0.05,0.5,60000,0.03,0.03,0.0005,0,1,1,0.35,0,0.005,10,10,0.005,0.005,0.00125,0.015,0.005,1,0,1,-1,1,4,0.5,0,59.95,60.12,50
0,0.05,0.5,60000,0.03,0.03,0.0005,0,1,1,0.35,0,0.005,10,10,0.005,0.005,0.00125,0.03,0.005,1,0,1,-1,1,4,0.5,0,59.73,59.87,50
0,0.05,0.5,60000,0.03,0.03,0.0005,0,1,1,0.35,0,0.005,10,10,0.005,0.005,0.00125,0.06,0.005,1,0,1,-1,1,4,0.5,0,59.45,59.56,50
0,0.05,0.5,60000,0.03,0.03,0.0005,0,1,1,0.35,0,0.005,10,10,0.005,0.005,0.00125,0.12,0.005,1,0,1,-1,1,4,0.5,0,58.62,58.84,50
0,0.05,0.5,60000,0.03,0.03,0.0005,0,1,1,0.35,0,0.005,10,10,0.005,0.005,0.00125,0.24,0.005,1,0,1,-1,1,4,0.5,0,57.98,58.21,50
0,0.05,0.5,60000,0.03,0.03,0.0005,0,1,1,0.35,0,0.005,10,10,0.005,0.005,0.00125,0.48,0.005,1,0,1,-1,1,4,0.5,0,58.1,58.29,50
0,0.05,0.5,60000,0.03,0.03,0.0005,0,1,1,0.35,0,0.005,10,10,0.005,0.005,0.00125,1,0.005,1,0,1,-1,1,4,0.5,0,57.83,58.08,50
0,0.05,0.5,60000,0.03,0.03,0.0005,0,1,1,0.35,0,0.005,10,10,0.005,0.005,0.00125,2,0.005,1,0,1,-1,1,4,0.5,0,58.36,58.5,50
0,0.05,0.5,60000,0.03,0.03,0.0005,0,1,1,0.35,0,0.005,10,10,0.005,0.005,0.00125,4,0.005,1,0,1,-1,1,4,0.5,0,58.09,58.28,50
0,0.05,0.5,60000,0.03,0.03,0.0005,0,1,1,0.35,0,0.005,10,10,0.005,0.005,0.0025,0.015,0.005,1,0,1,-1,1,4,0.5,0,59.79,59.94,50
0,0.05,0.5,60000,0.03,0.03,0.0005,0,1,1,0.35,0,0.005,10,10,0.005,0.005,0.0025,0.03,0.005,1,0,1,-1,1,4,0.5,0,61.49,61.72,50
0,0.05,0.5,60000,0.03,0.03,0.0005,0,1,1,0.35,0,0.005,10,10,0.005,0.005,0.0025,0.06,0.005,1,0,1,-1,1,4,0.5,0,60.14,60.28,50
0,0.05,0.5,60000,0.03,0.03,0.0005,0,1,1,0.35,0,0.005,10,10,0.005,0.005,0.0025,0.12,0.005,1,0,1,-1,1,4,0.5,0,59.52,59.72,50
0,0.05,0.5,60000,0.03,0.03,0.0005,0,1,1,0.35,0,0.005,10,10,0.005,0.005,0.0025,0.24,0.005,1,0,1,-1,1,4,0.5,0,59.43,59.57,50
0,0.05,0.5,60000,0.03,0.03,0.0005,0,1,1,0.35,0,0.005,10,10,0.005,0.005,0.0025,0.48,0.005,1,0,1,-1,1,4,0.5,0,54.43,56.3,50
0,0.05,0.5,60000,0.03,0.03,0.0005,0,1,1,0.35,0,0.005,10,10,0.005,0.005,0.0025,1,0.005,1,0,1,-1,1,4,0.5,0,58.79,58.96,50
0,0.05,0.5,60000,0.03,0.03,0.0005,0,1,1,0.35,0,0.005,10,10,0.005,0.005,0.0025,2,0.005,1,0,1,-1,1,4,0.5,0,57.95,58.17,50
0,0.05,0.5,60000,0.03,0.03,0.0005,0,1,1,0.35,0,0.005,10,10,0.005,0.005,0.0025,4,0.005,1,0,1,-1,1,4,0.5,0,58.14,58.34,50
0,0.05,0.5,60000,0.03,0.03,0.0005,0,1,1,0.35,0,0.005,10,10,0.005,0.005,0.005,0.015,0.005,1,0,1,-1,1,4,0.5,0,59.26,59.39,50
0,0.05,0.5,60000,0.03,0.03,0.0005,0,1,1,0.35,0,0.005,10,10,0.005,0.005,0.005,0.03,0.005,1,0,1,-1,1,4,0.5,0,60.88,61.11,50
0,0.05,0.5,60000,0.03,0.03,0.0005,0,1,1,0.35,0,0.005,10,10,0.005,0.005,0.005,0.06,0.005,1,0,1,-1,1,4,0.5,0,60.99,61.26,50
0,0.05,0.5,60000,0.03,0.03,0.0005,0,1,1,0.35,0,0.005,10,10,0.005,0.005,0.005,0.12,0.005,1,0,1,-1,1,4,0.5,0,59.9,60.19,50
0,0.05,0.5,60000,0.03,0.03,0.0005,0,1,1,0.35,0,0.005,10,10,0.005,0.005,0.005,0.24,0.005,1,0,1,-1,1,4,0.5,0,53.93,54.05,50
0,0.05,0.5,60000,0.03,0.03,0.0005,0,1,1,0.35,0,0.005,10,10,0.005,0.005,0.005,0.48,0.005,1,0,1,-1,1,4,0.5,0,57.82,57.98,50
0,0.05,0.5,60000,0.03,0.03,0.0005,0,1,1,0.35,0,0.005,10,10,0.005,0.005,0.005,1,0.005,1,0,1,-1,1,4,0.5,0,57.87,58.01,50
0,0.05,0.5,60000,0.03,0.03,0.0005,0,1,1,0.35,0,0.005,10,10,0.005,0.005,0.005,2,0.005,1,0,1,-1,1,4,0.5,0,59.34,59.52,50
0,0.05,0.5,60000,0.03,0.03,0.0005,0,1,1,0.35,0,0.005,10,10,0.005,0.005,0.005,4,0.005,1,0,1,-1,1,4,0.5,0,59.9,60.04,50
0,0.05,0.5,60000,0.03,0.03,0.0005,0,1,1,0.35,0,0.005,10,10,0.005,0.005,0.01,0.015,0.005,1,0,1,-1,1,4,0.5,0,56.39,56.56,50
0,0.05,0.5,60000,0.03,0.03,0.0005,0,1,1,0.35,0,0.005,10,10,0.005,0.005,0.01,0.03,0.005,1,0,1,-1,1,4,0.5,0,52.41,52.66,50
0,0.05,0.5,60000,0.03,0.03,0.0005,0,1,1,0.35,0,0.005,10,10,0.005,0.005,0.01,0.06,0.005,1,0,1,-1,1,4,0.5,0,50.33,50.3,50
0,0.05,0.5,60000,0.03,0.03,0.0005,0,1,1,0.35,0,0.005,10,10,0.005,0.005,0.01,0.12,0.005,1,0,1,-1,1,4,0.5,0,59.47,59.71,50
0,0.05,0.5,60000,0.03,0.03,0.0005,0,1,1,0.35,0,0.005,10,10,0.005,0.005,0.01,0.24,0.005,1,0,1,-1,1,4,0.5,0,59.28,59.59,50
0,0.05,0.5,60000,0.03,0.03,0.0005,0,1,1,0.35,0,0.005,10,10,0.005,0.005,0.01,0.48,0.005,1,0,1,-1,1,4,0.5,0,62.18,62.38,50
0,0.05,0.5,60000,0.03,0.03,0.0005,0,1,1,0.35,0,0.005,10,10,0.005,0.005,0.01,1,0.005,1,0,1,-1,1,4,0.5,0,62.14,62.27,50
0,0.05,0.5,60000,0.03,0.03,0.0005,0,1,1,0.35,0,0.005,10,10,0.005,0.005,0.01,2,0.005,1,0,1,-1,1,4,0.5,0,57.32,57.65,50
0,0.05,0.5,60000,0.03,0.03,0.0005,0,1,1,0.35,0,0.005,10,10,0.005,0.005,0.01,4,0.005,1,0,1,-1,1,4,0.5,0,59.77,60.41,50
0,0.05,0.5,60000,0.03,0.03,0.0005,0,1,1,0.35,0,0.005,10,10,0.005,0.005,0.02,0.015,0.005,1,0,1,-1,1,4,0.5,0,46.41,46.91,50
0,0.05,0.5,60000,0.03,0.03,0.0005,0,1,1,0.35,0,0.005,10,10,0.005,0.005,0.02,0.03,0.005,1,0,1,-1,1,4,0.5,0,45.68,46.18,50
0,0.05,0.5,60000,0.03,0.03,0.0005,0,1,1,0.35,0,0.005,10,10,0.005,0.005,0.02,0.06,0.005,1,0,1,-1,1,4,0.5,0,45.45,46.48,50
0,0.05,0.5,60000,0.03,0.03,0.0005,0,1,1,0.35,0,0.005,10,10,0.005,0.005,0.02,0.12,0.005,1,0,1,-1,1,4,0.5,0,39.63,40.75,50
0,0.05,0.5,60000,0.03,0.03,0.0005,0,1,1,0.35,0,0.005,10,10,0.005,0.005,0.02,0.24,0.005,1,0,1,-1,1,4,0.5,0,47.85,48.31,50
0,0.05,0.5,60000,0.03,0.03,0.0005,0,1,1,0.35,0,0.005,10,10,0.005,0.005,0.02,0.48,0.005,1,0,1,-1,1,4,0.5,0,62.76,62.93,50
0,0.05,0.5,60000,0.03,0.03,0.0005,0,1,1,0.35,0,0.005,10,10,0.005,0.005,0.02,1,0.005,1,0,1,-1,1,4,0.5,0,63.07,63.31,50
0,0.05,0.5,60000,0.03,0.03,0.0005,0,1,1,0.35,0,0.005,10,10,0.005,0.005,0.02,2,0.005,1,0,1,-1,1,4,0.5,0,62.43,62.66,50
0,0.05,0.5,60000,0.03,0.03,0.0005,0,1,1,0.35,0,0.005,10,10,0.005,0.005,0.02,4,0.005,1,0,1,-1,1,4,0.5,0,57.68,57.85,50
0,0.05,0.5,60000,0.03,0.03,0.0005,0,1,1,0.35,0,0.005,10,10,0.005,0.005,0.04,0.015,0.005,1,0,1,-1,1,4,0.5,0,46.76,46.91,50
0,0.05,0.5,60000,0.03,0.03,0.0005,0,1,1,0.35,0,0.005,10,10,0.005,0.005,0.04,0.03,0.005,1,0,1,-1,1,4,0.5,0,45.36,45.9,50
0,0.05,0.5,60000,0.03,0.03,0.0005,0,1,1,0.35,0,0.005,10,10,0.005,0.005,0.04,0.06,0.005,1,0,1,-1,1,4,0.5,0,39.07,37.57,50
0,0.05,0.5,60000,0.03,0.03,0.0005,0,1,1,0.35,0,0.005,10,10,0.005,0.005,0.04,0.12,0.005,1,0,1,-1,1,4,0.5,0,36.55,37.22,50
0,0.05,0.5,60000,0.03,0.03,0.0005,0,1,1,0.35,0,0.005,10,10,0.005,0.005,0.04,0.24,0.005,1,0,1,-1,1,4,0.5,0,43.72,45.1,50
0,0.05,0.5,60000,0.03,0.03,0.0005,0,1,1,0.35,0,0.005,10,10,0.005,0.005,0.04,0.48,0.005,1,0,1,-1,1,4,0.5,0,47.64,49.31,50
0,0.05,0.5,60000,0.03,0.03,0.0005,0,1,1,0.35,0,0.005,10,10,0.005,0.005,0.04,1,0.005,1,0,1,-1,1,4,0.5,0,62.6,62.84,50
0,0.05,0.5,60000,0.03,0.03,0.0005,0,1,1,0.35,0,0.005,10,10,0.005,0.005,0.04,2,0.005,1,0,1,-1,1,4,0.5,0,63.08,63.29,50
0,0.05,0.5,60000,0.03,0.03,0.0005,0,1,1,0.35,0,0.005,10,10,0.005,0.005,0.04,4,0.005,1,0,1,-1,1,4,0.5,0,62.55,62.92,50
0,0.05,0.5,60000,0.03,0.03,0.0005,0,1,1,0.35,0,0.005,10,10,0.005,0.005,0.08,0.015,0.005,1,0,1,-1,1,4,0.5,0,45.42,47.35,50
0,0.05,0.5,60000,0.03,0.03,0.0005,0,1,1,0.35,0,0.005,10,10,0.005,0.005,0.08,0.03,0.005,1,0,1,-1,1,4,0.5,0,42.15,43.22,50
0,0.05,0.5,60000,0.03,0.03,0.0005,0,1,1,0.35,0,0.005,10,10,0.005,0.005,0.08,0.06,0.005,1,0,1,-1,1,4,0.5,0,36.64,37.98,50
0,0.05,0.5,60000,0.03,0.03,0.0005,0,1,1,0.35,0,0.005,10,10,0.005,0.005,0.08,0.12,0.005,1,0,1,-1,1,4,0.5,0,38.35,39.96,50
0,0.05,0.5,60000,0.03,0.03,0.0005,0,1,1,0.35,0,0.005,10,10,0.005,0.005,0.08,0.24,0.005,1,0,1,-1,1,4,0.5,0,38.65,39.34,50
0,0.05,0.5,60000,0.03,0.03,0.0005,0,1,1,0.35,0,0.005,10,10,0.005,0.005,0.08,0.48,0.005,1,0,1,-1,1,4,0.5,0,44.19,45.56,50
0,0.05,0.5,60000,0.03,0.03,0.0005,0,1,1,0.35,0,0.005,10,10,0.005,0.005,0.08,1,0.005,1,0,1,-1,1,4,0.5,0,47.04,47.24,50
0,0.05,0.5,60000,0.03,0.03,0.0005,0,1,1,0.35,0,0.005,10,10,0.005,0.005,0.08,2,0.005,1,0,1,-1,1,4,0.5,0,55.7,56.17,50
0,0.05,0.5,60000,0.03,0.03,0.0005,0,1,1,0.35,0,0.005,10,10,0.005,0.005,0.08,4,0.005,1,0,1,-1,1,4,0.5,0,66.22,66.42,50
0,0.05,0.5,60000,0.03,0.03,0.0005,0,1,1,0.35,0,0.005,10,10,0.005,0.005,0.16,0.015,0.005,1,0,1,-1,1,4,0.5,0,43.76,46.47,50
0,0.05,0.5,60000,0.03,0.03,0.0005,0,1,1,0.35,0,0.005,10,10,0.005,0.005,0.16,0.03,0.005,1,0,1,-1,1,4,0.5,0,36.94,39.72,50
0,0.05,0.5,60000,0.03,0.03,0.0005,0,1,1,0.35,0,0.005,10,10,0.005,0.005,0.16,0.06,0.005,1,0,1,-1,1,4,0.5,0,35.79,37.61,50
0,0.05,0.5,60000,0.03,0.03,0.0005,0,1,1,0.35,0,0.005,10,10,0.005,0.005,0.16,0.12,0.005,1,0,1,-1,1,4,0.5,0,38.5,39.98,50
0,0.05,0.5,60000,0.03,0.03,0.0005,0,1,1,0.35,0,0.005,10,10,0.005,0.005,0.16,0.24,0.005,1,0,1,-1,1,4,0.5,0,32.77,37.02,50
0,0.05,0.5,60000,0.03,0.03,0.0005,0,1,1,0.35,0,0.005,10,10,0.005,0.005,0.16,0.48,0.005,1,0,1,-1,1,4,0.5,0,24.76,31.36,50
0,0.05,0.5,60000,0.03,0.03,0.0005,0,1,1,0.35,0,0.005,10,10,0.005,0.005,0.16,1,0.005,1,0,1,-1,1,4,0.5,0,39.22,41.72,50
0,0.05,0.5,60000,0.03,0.03,0.0005,0,1,1,0.35,0,0.005,10,10,0.005,0.005,0.16,2,0.005,1,0,1,-1,1,4,0.5,0,46.32,47.56,50
0,0.05,0.5,60000,0.03,0.03,0.0005,0,1,1,0.35,0,0.005,10,10,0.005,0.005,0.16,4,0.005,1,0,1,-1,1,4,0.5,0,54.54,55.15,50
0,0.05,0.5,60000,0.03,0.03,0.0005,0,1,1,0.35,0,0.005,10,10,0.005,0.005,0.32,0.015,0.005,1,0,1,-1,1,4,0.5,0,36.63,45.15,50
0,0.05,0.5,60000,0.03,0.03,0.0005,0,1,1,0.35,0,0.005,10,10,0.005,0.005,0.32,0.03,0.005,1,0,1,-1,1,4,0.5,0,31.85,36.86,50
0,0.05,0.5,60000,0.03,0.03,0.0005,0,1,1,0.35,0,0.005,10,10,0.005,0.005,0.32,0.06,0.005,1,0,1,-1,1,4,0.5,0,37.1,42.95,50
0,0.05,0.5,60000,0.03,0.03,0.0005,0,1,1,0.35,0,0.005,10,10,0.005,0.005,0.32,0.12,0.005,1,0,1,-1,1,4,0.5,0,25.13,38.21,50
0,0.05,0.5,60000,0.03,0.03,0.0005,0,1,1,0.35,0,0.005,10,10,0.005,0.005,0.32,0.24,0.005,1,0,1,-1,1,4,0.5,0,20.78,34.83,50
0,0.05,0.5,60000,0.03,0.03,0.0005,0,1,1,0.35,0,0.005,10,10,0.005,0.005,0.32,0.48,0.005,1,0,1,-1,1,4,0.5,0,17.5,29.21,50
0,0.05,0.5,60000,0.03,0.03,0.0005,0,1,1,0.35,0,0.005,10,10,0.005,0.005,0.32,1,0.005,1,0,1,-1,1,4,0.5,0,22.33,26.3,50
0,0.05,0.5,60000,0.03,0.03,0.0005,0,1,1,0.35,0,0.005,10,10,0.005,0.005,0.32,2,0.005,1,0,1,-1,1,4,0.5,0,42.06,43.26,50
0,0.05,0.5,60000,0.03,0.03,0.0005,0,1,1,0.35,0,0.005,10,10,0.005,0.005,0.32,4,0.005,1,0,1,-1,1,4,0.5,0,53.71,54.73,50
0,0.05,0.5,60000,0.03,0.03,0.0005,0,1,1,0.35,0,0.005,10,10,0.005,0.005,0.00125,0.03,0.005,1,0,1,-1,1,4,0.5,0,61.48,61.62,100
0,0.05,0.5,60000,0.03,0.03,0.0005,0,1,1,0.35,0,0.005,10,10,0.005,0.005,0.00125,0.06,0.005,1,0,1,-1,1,4,0.5,0,61.56,61.74,100
0,0.05,0.5,60000,0.03,0.03,0.0005,0,1,1,0.35,0,0.005,10,10,0.005,0.005,0.00125,0.12,0.005,1,0,1,-1,1,4,0.5,0,61.57,61.74,100
0,0.05,0.5,60000,0.03,0.03,0.0005,0,1,1,0.35,0,0.005,10,10,0.005,0.005,0.00125,0.24,0.005,1,0,1,-1,1,4,0.5,0,61.49,61.74,100
0,0.05,0.5,60000,0.03,0.03,0.0005,0,1,1,0.35,0,0.005,10,10,0.005,0.005,0.00125,0.48,0.005,1,0,1,-1,1,4,0.5,0,61.44,61.71,100
0,0.05,0.5,60000,0.03,0.03,0.0005,0,1,1,0.35,0,0.005,10,10,0.005,0.005,0.00125,1,0.005,1,0,1,-1,1,4,0.5,0,61.61,61.81,100
0,0.05,0.5,60000,0.03,0.03,0.0005,0,1,1,0.35,0,0.005,10,10,0.005,0.005,0.00125,2,0.005,1,0,1,-1,1,4,0.5,0,61.67,61.91,100
0,0.05,0.5,60000,0.03,0.03,0.0005,0,1,1,0.35,0,0.005,10,10,0.005,0.005,0.00125,4,0.005,1,0,1,-1,1,4,0.5,0,61.62,61.8,100
0,0.05,0.5,60000,0.03,0.03,0.0005,0,1,1,0.35,0,0.005,10,10,0.005,0.005,0.0025,0.015,0.005,1,0,1,-1,1,4,0.5,0,61.31,61.47,100
0,0.05,0.5,60000,0.03,0.03,0.0005,0,1,1,0.35,0,0.005,10,10,0.005,0.005,0.0025,0.03,0.005,1,0,1,-1,1,4,0.5,0,61.5,61.69,100
0,0.05,0.5,60000,0.03,0.03,0.0005,0,1,1,0.35,0,0.005,10,10,0.005,0.005,0.0025,0.06,0.005,1,0,1,-1,1,4,0.5,0,61.49,61.66,100
0,0.05,0.5,60000,0.03,0.03,0.0005,0,1,1,0.35,0,0.005,10,10,0.005,0.005,0.0025,0.12,0.005,1,0,1,-1,1,4,0.5,0,61.62,61.82,100
0,0.05,0.5,60000,0.03,0.03,0.0005,0,1,1,0.35,0,0.005,10,10,0.005,0.005,0.0025,0.24,0.005,1,0,1,-1,1,4,0.5,0,61.68,61.92,100
0,0.05,0.5,60000,0.03,0.03,0.0005,0,1,1,0.35,0,0.005,10,10,0.005,0.005,0.0025,0.48,0.005,1,0,1,-1,1,4,0.5,0,61.99,62.12,100
0,0.05,0.5,60000,0.03,0.03,0.0005,0,1,1,0.35,0,0.005,10,10,0.005,0.005,0.0025,1,0.005,1,0,1,-1,1,4,0.5,0,61.64,61.87,100
0,0.05,0.5,60000,0.03,0.03,0.0005,0,1,1,0.35,0,0.005,10,10,0.005,0.005,0.0025,2,0.005,1,0,1,-1,1,4,0.5,0,61.75,61.92,100
0,0.05,0.5,60000,0.03,0.03,0.0005,0,1,1,0.35,0,0.005,10,10,0.005,0.005,0.0025,4,0.005,1,0,1,-1,1,4,0.5,0,61.8,62,100
0,0.05,0.5,60000,0.03,0.03,0.0005,0,1,1,0.35,0,0.005,10,10,0.005,0.005,0.005,0.015,0.005,1,0,1,-1,1,4,0.5,0,60.88,61.05,100
0,0.05,0.5,60000,0.03,0.03,0.0005,0,1,1,0.35,0,0.005,10,10,0.005,0.005,0.005,0.03,0.005,1,0,1,-1,1,4,0.5,0,61.2,61.47,100
0,0.05,0.5,60000,0.03,0.03,0.0005,0,1,1,0.35,0,0.005,10,10,0.005,0.005,0.005,0.06,0.005,1,0,1,-1,1,4,0.5,0,61.21,61.45,100
0,0.05,0.5,60000,0.03,0.03,0.0005,0,1,1,0.35,0,0.005,10,10,0.005,0.005,0.005,0.12,0.005,1,0,1,-1,1,4,0.5,0,61.53,61.69,100
0,0.05,0.5,60000,0.03,0.03,0.0005,0,1,1,0.35,0,0.005,10,10,0.005,0.005,0.005,0.24,0.005,1,0,1,-1,1,4,0.5,0,61.44,61.63,100
0,0.05,0.5,60000,0.03,0.03,0.0005,0,1,1,0.35,0,0.005,10,10,0.005,0.005,0.005,0.48,0.005,1,0,1,-1,1,4,0.5,0,61.75,61.93,100
0,0.05,0.5,60000,0.03,0.03,0.0005,0,1,1,0.35,0,0.005,10,10,0.005,0.005,0.005,1,0.005,1,0,1,-1,1,4,0.5,0,61.99,62.16,100
0,0.05,0.5,60000,0.03,0.03,0.0005,0,1,1,0.35,0,0.005,10,10,0.005,0.005,0.005,2,0.005,1,0,1,-1,1,4,0.5,0,61.82,62.05,100
0,0.05,0.5,60000,0.03,0.03,0.0005,0,1,1,0.35,0,0.005,10,10,0.005,0.005,0.005,4,0.005,1,0,1,-1,1,4,0.5,0,61.97,62.16,100
0,0.05,0.5,60000,0.03,0.03,0.0005,0,1,1,0.35,0,0.005,10,10,0.005,0.005,0.01,0.015,0.005,1,0,1,-1,1,4,0.5,0,53.78,54.65,100
0,0.05,0.5,60000,0.03,0.03,0.0005,0,1,1,0.35,0,0.005,10,10,0.005,0.005,0.01,0.03,0.005,1,0,1,-1,1,4,0.5,0,58.84,59.2,100
0,0.05,0.5,60000,0.03,0.03,0.0005,0,1,1,0.35,0,0.005,10,10,0.005,0.005,0.01,0.06,0.005,1,0,1,-1,1,4,0.5,0,58.39,58.67,100
0,0.05,0.5,60000,0.03,0.03,0.0005,0,1,1,0.35,0,0.005,10,10,0.005,0.005,0.01,0.12,0.005,1,0,1,-1,1,4,0.5,0,59.97,60.13,100
0,0.05,0.5,60000,0.03,0.03,0.0005,0,1,1,0.35,0,0.005,10,10,0.005,0.005,0.01,0.24,0.005,1,0,1,-1,1,4,0.5,0,56.98,57.8,100
0,0.05,0.5,60000,0.03,0.03,0.0005,0,1,1,0.35,0,0.005,10,10,0.005,0.005,0.01,0.48,0.005,1,0,1,-1,1,4,0.5,0,62.24,62.48,100
0,0.05,0.5,60000,0.03,0.03,0.0005,0,1,1,0.35,0,0.005,10,10,0.005,0.005,0.01,1,0.005,1,0,1,-1,1,4,0.5,0,62.17,62.41,100
0,0.05,0.5,60000,0.03,0.03,0.0005,0,1,1,0.35,0,0.005,10,10,0.005,0.005,0.01,2,0.005,1,0,1,-1,1,4,0.5,0,62.47,62.65,100
0,0.05,0.5,60000,0.03,0.03,0.0005,0,1,1,0.35,0,0.005,10,10,0.005,0.005,0.01,4,0.005,1,0,1,-1,1,4,0.5,0,62.04,62.2,100
0,0.05,0.5,60000,0.03,0.03,0.0005,0,1,1,0.35,0,0.005,10,10,0.005,0.005,0.02,0.015,0.005,1,0,1,-1,1,4,0.5,0,56.2,56.32,100
0,0.05,0.5,60000,0.03,0.03,0.0005,0,1,1,0.35,0,0.005,10,10,0.005,0.005,0.02,0.03,0.005,1,0,1,-1,1,4,0.5,0,50.31,54.91,100
0,0.05,0.5,60000,0.03,0.03,0.0005,0,1,1,0.35,0,0.005,10,10,0.005,0.005,0.02,0.06,0.005,1,0,1,-1,1,4,0.5,0,46.27,48.76,100
0,0.05,0.5,60000,0.03,0.03,0.0005,0,1,1,0.35,0,0.005,10,10,0.005,0.005,0.02,0.12,0.005,1,0,1,-1,1,4,0.5,0,47.57,48.2,100
0,0.05,0.5,60000,0.03,0.03,0.0005,0,1,1,0.35,0,0.005,10,10,0.005,0.005,0.02,0.24,0.005,1,0,1,-1,1,4,0.5,0,52.64,53.21,100
0,0.05,0.5,60000,0.03,0.03,0.0005,0,1,1,0.35,0,0.005,10,10,0.005,0.005,0.02,0.48,0.005,1,0,1,-1,1,4,0.5,0,55.14,55.19,100
0,0.05,0.5,60000,0.03,0.03,0.0005,0,1,1,0.35,0,0.005,10,10,0.005,0.005,0.02,1,0.005,1,0,1,-1,1,4,0.5,0,62.86,62.97,100
0,0.05,0.5,60000,0.03,0.03,0.0005,0,1,1,0.35,0,0.005,10,10,0.005,0.005,0.02,2,0.005,1,0,1,-1,1,4,0.5,0,63.38,63.58,100
0,0.05,0.5,60000,0.03,0.03,0.0005,0,1,1,0.35,0,0.005,10,10,0.005,0.005,0.02,4,0.005,1,0,1,-1,1,4,0.5,0,63.27,63.41,100
0,0.05,0.5,60000,0.03,0.03,0.0005,0,1,1,0.35,0,0.005,10,10,0.005,0.005,0.04,0.015,0.005,1,0,1,-1,1,4,0.5,0,51.93,52.62,100
0,0.05,0.5,60000,0.03,0.03,0.0005,0,1,1,0.35,0,0.005,10,10,0.005,0.005,0.04,0.03,0.005,1,0,1,-1,1,4,0.5,0,49.44,50.48,100
0,0.05,0.5,60000,0.03,0.03,0.0005,0,1,1,0.35,0,0.005,10,10,0.005,0.005,0.04,0.06,0.005,1,0,1,-1,1,4,0.5,0,45.59,47.1,100
0,0.05,0.5,60000,0.03,0.03,0.0005,0,1,1,0.35,0,0.005,10,10,0.005,0.005,0.04,0.12,0.005,1,0,1,-1,1,4,0.5,0,44.54,44.71,100
0,0.05,0.5,60000,0.03,0.03,0.0005,0,1,1,0.35,0,0.005,10,10,0.005,0.005,0.04,0.24,0.005,1,0,1,-1,1,4,0.5,0,45.36,45.96,100
0,0.05,0.5,60000,0.03,0.03,0.0005,0,1,1,0.35,0,0.005,10,10,0.005,0.005,0.04,0.48,0.005,1,0,1,-1,1,4,0.5,0,50.05,50.54,100
0,0.05,0.5,60000,0.03,0.03,0.0005,0,1,1,0.35,0,0.005,10,10,0.005,0.005,0.04,1,0.005,1,0,1,-1,1,4,0.5,0,53.52,54.03,100
0,0.05,0.5,60000,0.03,0.03,0.0005,0,1,1,0.35,0,0.005,10,10,0.005,0.005,0.04,2,0.005,1,0,1,-1,1,4,0.5,0,63.83,64.01,100
0,0.05,0.5,60000,0.03,0.03,0.0005,0,1,1,0.35,0,0.005,10,10,0.005,0.005,0.04,4,0.005,1,0,1,-1,1,4,0.5,0,63.6,63.9,100
0,0.05,0.5,60000,0.03,0.03,0.0005,0,1,1,0.35,0,0.005,10,10,0.005,0.005,0.08,0.015,0.005,1,0,1,-1,1,4,0.5,0,47.84,53.93,100
0,0.05,0.5,60000,0.03,0.03,0.0005,0,1,1,0.35,0,0.005,10,10,0.005,0.005,0.08,0.03,0.005,1,0,1,-1,1,4,0.5,0,41.76,45.91,100
0,0.05,0.5,60000,0.03,0.03,0.0005,0,1,1,0.35,0,0.005,10,10,0.005,0.005,0.08,0.06,0.005,1,0,1,-1,1,4,0.5,0,44.68,43.29,100
0,0.05,0.5,60000,0.03,0.03,0.0005,0,1,1,0.35,0,0.005,10,10,0.005,0.005,0.08,0.12,0.005,1,0,1,-1,1,4,0.5,0,40.39,42.53,100
0,0.05,0.5,60000,0.03,0.03,0.0005,0,1,1,0.35,0,0.005,10,10,0.005,0.005,0.08,0.24,0.005,1,0,1,-1,1,4,0.5,0,40.48,44.33,100
0,0.05,0.5,60000,0.03,0.03,0.0005,0,1,1,0.35,0,0.005,10,10,0.005,0.005,0.08,0.48,0.005,1,0,1,-1,1,4,0.5,0,41.83,45.29,100
0,0.05,0.5,60000,0.03,0.03,0.0005,0,1,1,0.35,0,0.005,10,10,0.005,0.005,0.08,1,0.005,1,0,1,-1,1,4,0.5,0,46.49,48.05,100
0,0.05,0.5,60000,0.03,0.03,0.0005,0,1,1,0.35,0,0.005,10,10,0.005,0.005,0.08,2,0.005,1,0,1,-1,1,4,0.5,0,60.8,60.95,100
0,0.05,0.5,60000,0.03,0.03,0.0005,0,1,1,0.35,0,0.005,10,10,0.005,0.005,0.08,4,0.005,1,0,1,-1,1,4,0.5,0,63.41,63.7,100
0,0.05,0.5,60000,0.03,0.03,0.0005,0,1,1,0.35,0,0.005,10,10,0.005,0.005,0.16,0.015,0.005,1,0,1,-1,1,4,0.5,0,43.25,48.84,100
0,0.05,0.5,60000,0.03,0.03,0.0005,0,1,1,0.35,0,0.005,10,10,0.005,0.005,0.16,0.03,0.005,1,0,1,-1,1,4,0.5,0,42.2,44.48,100
0,0.05,0.5,60000,0.03,0.03,0.0005,0,1,1,0.35,0,0.005,10,10,0.005,0.005,0.16,0.06,0.005,1,0,1,-1,1,4,0.5,0,39.69,42.98,100
0,0.05,0.5,60000,0.03,0.03,0.0005,0,1,1,0.35,0,0.005,10,10,0.005,0.005,0.16,0.12,0.005,1,0,1,-1,1,4,0.5,0,35.25,42.47,100
0,0.05,0.5,60000,0.03,0.03,0.0005,0,1,1,0.35,0,0.005,10,10,0.005,0.005,0.16,0.24,0.005,1,0,1,-1,1,4,0.5,0,27.03,37.55,100
0,0.05,0.5,60000,0.03,0.03,0.0005,0,1,1,0.35,0,0.005,10,10,0.005,0.005,0.16,0.48,0.005,1,0,1,-1,1,4,0.5,0,29.88,32.93,100
0,0.05,0.5,60000,0.03,0.03,0.0005,0,1,1,0.35,0,0.005,10,10,0.005,0.005,0.16,1,0.005,1,0,1,-1,1,4,0.5,0,40.57,45.37,100
0,0.05,0.5,60000,0.03,0.03,0.0005,0,1,1,0.35,0,0.005,10,10,0.005,0.005,0.16,2,0.005,1,0,1,-1,1,4,0.5,0,46.02,47.72,100
0,0.05,0.5,60000,0.03,0.03,0.0005,0,1,1,0.35,0,0.005,10,10,0.005,0.005,0.16,4,0.005,1,0,1,-1,1,4,0.5,0,55.14,56.34,100
0,0.05,0.5,60000,0.03,0.03,0.0005,0,1,1,0.35,0,0.005,10,10,0.005,0.005,0.00125,0.03,0.005,1,0,1,-1,1,4,0.5,0,60.94,61.11,420
0,0.05,0.5,60000,0.03,0.03,0.0005,0,1,1,0.35,0,0.005,10,10,0.005,0.005,0.00125,0.06,0.005,1,0,1,-1,1,4,0.5,0,60.95,60.96,420
0,0.05,0.5,60000,0.03,0.03,0.0005,0,1,1,0.35,0,0.005,10,10,0.005,0.005,0.00125,0.12,0.005,1,0,1,-1,1,4,0.5,0,61.46,61.46,420
0,0.05,0.5,60000,0.03,0.03,0.0005,0,1,1,0.35,0,0.005,10,10,0.005,0.005,0.00125,0.24,0.005,1,0,1,-1,1,4,0.5,0,61.05,60.92,420
0,0.05,0.5,60000,0.03,0.03,0.0005,0,1,1,0.35,0,0.005,10,10,0.005,0.005,0.00125,0.48,0.005,1,0,1,-1,1,4,0.5,0,60.73,60.85,420
0,0.05,0.5,60000,0.03,0.03,0.0005,0,1,1,0.35,0,0.005,10,10,0.005,0.005,0.00125,1,0.005,1,0,1,-1,1,4,0.5,0,61.22,61.17,420
0,0.05,0.5,60000,0.03,0.03,0.0005,0,1,1,0.35,0,0.005,10,10,0.005,0.005,0.00125,2,0.005,1,0,1,-1,1,4,0.5,0,61.08,61.05,420
0,0.05,0.5,60000,0.03,0.03,0.0005,0,1,1,0.35,0,0.005,10,10,0.005,0.005,0.00125,4,0.005,1,0,1,-1,1,4,0.5,0,61.26,61.23,420
0,0.05,0.5,60000,0.03,0.03,0.0005,0,1,1,0.35,0,0.005,10,10,0.005,0.005,0.0025,0.015,0.005,1,0,1,-1,1,4,0.5,0,58.91,59.49,420
0,0.05,0.5,60000,0.03,0.03,0.0005,0,1,1,0.35,0,0.005,10,10,0.005,0.005,0.0025,0.03,0.005,1,0,1,-1,1,4,0.5,0,59.88,59.95,420
0,0.05,0.5,60000,0.03,0.03,0.0005,0,1,1,0.35,0,0.005,10,10,0.005,0.005,0.0025,0.06,0.005,1,0,1,-1,1,4,0.5,0,61.57,61.56,420
0,0.05,0.5,60000,0.03,0.03,0.0005,0,1,1,0.35,0,0.005,10,10,0.005,0.005,0.0025,0.12,0.005,1,0,1,-1,1,4,0.5,0,59.6,59.7,420
0,0.05,0.5,60000,0.03,0.03,0.0005,0,1,1,0.35,0,0.005,10,10,0.005,0.005,0.0025,0.24,0.005,1,0,1,-1,1,4,0.5,0,59.59,59.62,420
0,0.05,0.5,60000,0.03,0.03,0.0005,0,1,1,0.35,0,0.005,10,10,0.005,0.005,0.0025,0.48,0.005,1,0,1,-1,1,4,0.5,0,61.36,61.32,420
0,0.05,0.5,60000,0.03,0.03,0.0005,0,1,1,0.35,0,0.005,10,10,0.005,0.005,0.0025,1,0.005,1,0,1,-1,1,4,0.5,0,61.53,61.54,420
0,0.05,0.5,60000,0.03,0.03,0.0005,0,1,1,0.35,0,0.005,10,10,0.005,0.005,0.0025,2,0.005,1,0,1,-1,1,4,0.5,0,61.12,61.23,420
0,0.05,0.5,60000,0.03,0.03,0.0005,0,1,1,0.35,0,0.005,10,10,0.005,0.005,0.0025,4,0.005,1,0,1,-1,1,4,0.5,0,61.31,61.3,420
0,0.05,0.5,60000,0.03,0.03,0.0005,0,1,1,0.35,0,0.005,10,10,0.005,0.005,0.005,0.015,0.005,1,0,1,-1,1,4,0.5,0,58.02,58.26,420
0,0.05,0.5,60000,0.03,0.03,0.0005,0,1,1,0.35,0,0.005,10,10,0.005,0.005,0.005,0.03,0.005,1,0,1,-1,1,4,0.5,0,57.94,58.57,420
0,0.05,0.5,60000,0.03,0.03,0.0005,0,1,1,0.35,0,0.005,10,10,0.005,0.005,0.005,0.06,0.005,1,0,1,-1,1,4,0.5,0,58.72,58.52,420
0,0.05,0.5,60000,0.03,0.03,0.0005,0,1,1,0.35,0,0.005,10,10,0.005,0.005,0.005,0.12,0.005,1,0,1,-1,1,4,0.5,0,57.27,57.43,420
0,0.05,0.5,60000,0.03,0.03,0.0005,0,1,1,0.35,0,0.005,10,10,0.005,0.005,0.005,0.24,0.005,1,0,1,-1,1,4,0.5,0,60.57,60.66,420
0,0.05,0.5,60000,0.03,0.03,0.0005,0,1,1,0.35,0,0.005,10,10,0.005,0.005,0.005,0.48,0.005,1,0,1,-1,1,4,0.5,0,58.92,59.69,420
0,0.05,0.5,60000,0.03,0.03,0.0005,0,1,1,0.35,0,0.005,10,10,0.005,0.005,0.005,1,0.005,1,0,1,-1,1,4,0.5,0,60.72,60.85,420
0,0.05,0.5,60000,0.03,0.03,0.0005,0,1,1,0.35,0,0.005,10,10,0.005,0.005,0.005,2,0.005,1,0,1,-1,1,4,0.5,0,60.74,60.91,420
0,0.05,0.5,60000,0.03,0.03,0.0005,0,1,1,0.35,0,0.005,10,10,0.005,0.005,0.005,4,0.005,1,0,1,-1,1,4,0.5,0,61.43,61.42,420
0,0.05,0.5,60000,0.03,0.03,0.0005,0,1,1,0.35,0,0.005,10,10,0.005,0.005,0.01,0.015,0.005,1,0,1,-1,1,4,0.5,0,57.57,58.22,420
0,0.05,0.5,60000,0.03,0.03,0.0005,0,1,1,0.35,0,0.005,10,10,0.005,0.005,0.01,0.03,0.005,1,0,1,-1,1,4,0.5,0,52.27,52.39,420
0,0.05,0.5,60000,0.03,0.03,0.0005,0,1,1,0.35,0,0.005,10,10,0.005,0.005,0.01,0.06,0.005,1,0,1,-1,1,4,0.5,0,52.12,52.24,420
0,0.05,0.5,60000,0.03,0.03,0.0005,0,1,1,0.35,0,0.005,10,10,0.005,0.005,0.01,0.12,0.005,1,0,1,-1,1,4,0.5,0,58.6,58.77,420
0,0.05,0.5,60000,0.03,0.03,0.0005,0,1,1,0.35,0,0.005,10,10,0.005,0.005,0.01,0.24,0.005,1,0,1,-1,1,4,0.5,0,58.53,58.81,420
0,0.05,0.5,60000,0.03,0.03,0.0005,0,1,1,0.35,0,0.005,10,10,0.005,0.005,0.01,0.48,0.005,1,0,1,-1,1,4,0.5,0,59.55,59.68,420
0,0.05,0.5,60000,0.03,0.03,0.0005,0,1,1,0.35,0,0.005,10,10,0.005,0.005,0.01,1,0.005,1,0,1,-1,1,4,0.5,0,60.57,60.72,420
0,0.05,0.5,60000,0.03,0.03,0.0005,0,1,1,0.35,0,0.005,10,10,0.005,0.005,0.01,2,0.005,1,0,1,-1,1,4,0.5,0,61.16,61.27,420
0,0.05,0.5,60000,0.03,0.03,0.0005,0,1,1,0.35,0,0.005,10,10,0.005,0.005,0.01,4,0.005,1,0,1,-1,1,4,0.5,0,60.61,60.81,420
0,0.05,0.5,60000,0.03,0.03,0.0005,0,1,1,0.35,0,0.005,10,10,0.005,0.005,0.02,0.015,0.005,1,0,1,-1,1,4,0.5,0,56.26,56.44,420
0,0.05,0.5,60000,0.03,0.03,0.0005,0,1,1,0.35,0,0.005,10,10,0.005,0.005,0.02,0.03,0.005,1,0,1,-1,1,4,0.5,0,47.2,47.13,420
0,0.05,0.5,60000,0.03,0.03,0.0005,0,1,1,0.35,0,0.005,10,10,0.005,0.005,0.02,0.06,0.005,1,0,1,-1,1,4,0.5,0,49.56,50.2,420
0,0.05,0.5,60000,0.03,0.03,0.0005,0,1,1,0.35,0,0.005,10,10,0.005,0.005,0.02,0.12,0.005,1,0,1,-1,1,4,0.5,0,50.99,52.49,420
0,0.05,0.5,60000,0.03,0.03,0.0005,0,1,1,0.35,0,0.005,10,10,0.005,0.005,0.02,0.24,0.005,1,0,1,-1,1,4,0.5,0,56.68,56.91,420
0,0.05,0.5,60000,0.03,0.03,0.0005,0,1,1,0.35,0,0.005,10,10,0.005,0.005,0.02,0.48,0.005,1,0,1,-1,1,4,0.5,0,57.74,57.99,420
0,0.05,0.5,60000,0.03,0.03,0.0005,0,1,1,0.35,0,0.005,10,10,0.005,0.005,0.02,1,0.005,1,0,1,-1,1,4,0.5,0,57.95,58.14,420
0,0.05,0.5,60000,0.03,0.03,0.0005,0,1,1,0.35,0,0.005,10,10,0.005,0.005,0.02,2,0.005,1,0,1,-1,1,4,0.5,0,61.46,61.62,420
0,0.05,0.5,60000,0.03,0.03,0.0005,0,1,1,0.35,0,0.005,10,10,0.005,0.005,0.02,4,0.005,1,0,1,-1,1,4,0.5,0,60.5,60.63,420
0,0.05,0.5,60000,0.03,0.03,0.0005,0,1,1,0.35,0,0.005,10,10,0.005,0.005,0.04,0.015,0.005,1,0,1,-1,1,4,0.5,0,52.76,53.55,420
0,0.05,0.5,60000,0.03,0.03,0.0005,0,1,1,0.35,0,0.005,10,10,0.005,0.005,0.04,0.03,0.005,1,0,1,-1,1,4,0.5,0,48.52,49.16,420
0,0.05,0.5,60000,0.03,0.03,0.0005,0,1,1,0.35,0,0.005,10,10,0.005,0.005,0.04,0.06,0.005,1,0,1,-1,1,4,0.5,0,42.19,45.19,420
0,0.05,0.5,60000,0.03,0.03,0.0005,0,1,1,0.35,0,0.005,10,10,0.005,0.005,0.04,0.12,0.005,1,0,1,-1,1,4,0.5,0,45.37,46.95,420
0,0.05,0.5,60000,0.03,0.03,0.0005,0,1,1,0.35,0,0.005,10,10,0.005,0.005,0.04,0.24,0.005,1,0,1,-1,1,4,0.5,0,44.84,47.32,420
0,0.05,0.5,60000,0.03,0.03,0.0005,0,1,1,0.35,0,0.005,10,10,0.005,0.005,0.04,0.48,0.005,1,0,1,-1,1,4,0.5,0,49.74,50.33,420
0,0.05,0.5,60000,0.03,0.03,0.0005,0,1,1,0.35,0,0.005,10,10,0.005,0.005,0.04,1,0.005,1,0,1,-1,1,4,0.5,0,58.65,58.78,420
0,0.05,0.5,60000,0.03,0.03,0.0005,0,1,1,0.35,0,0.005,10,10,0.005,0.005,0.04,2,0.005,1,0,1,-1,1,4,0.5,0,57.77,58.06,420
0,0.05,0.5,60000,0.03,0.03,0.0005,0,1,1,0.35,0,0.005,10,10,0.005,0.005,0.04,4,0.005,1,0,1,-1,1,4,0.5,0,60.47,60.65,420
0,0.05,0.5,60000,0.03,0.03,0.0005,0,1,1,0.35,0,0.005,10,10,0.005,0.005,0.08,0.015,0.005,1,0,1,-1,1,4,0.5,0,51.34,52.51,420
0,0.05,0.5,60000,0.03,0.03,0.0005,0,1,1,0.35,0,0.005,10,10,0.005,0.005,0.08,0.03,0.005,1,0,1,-1,1,4,0.5,0,46.75,47.67,420
0,0.05,0.5,60000,0.03,0.03,0.0005,0,1,1,0.35,0,0.005,10,10,0.005,0.005,0.08,0.06,0.005,1,0,1,-1,1,4,0.5,0,40.94,43.54,420
0,0.05,0.5,60000,0.03,0.03,0.0005,0,1,1,0.35,0,0.005,10,10,0.005,0.005,0.08,0.12,0.005,1,0,1,-1,1,4,0.5,0,41.16,41.45,420
0,0.05,0.5,60000,0.03,0.03,0.0005,0,1,1,0.35,0,0.005,10,10,0.005,0.005,0.08,0.24,0.005,1,0,1,-1,1,4,0.5,0,38.28,38.74,420
0,0.05,0.5,60000,0.03,0.03,0.0005,0,1,1,0.35,0,0.005,10,10,0.005,0.005,0.08,0.48,0.005,1,0,1,-1,1,4,0.5,0,40.39,43.5,420
0,0.05,0.5,60000,0.03,0.03,0.0005,0,1,1,0.35,0,0.005,10,10,0.005,0.005,0.08,1,0.005,1,0,1,-1,1,4,0.5,0,48.55,51.14,420
0,0.05,0.5,60000,0.03,0.03,0.0005,0,1,1,0.35,0,0.005,10,10,0.005,0.005,0.08,2,0.005,1,0,1,-1,1,4,0.5,0,54.56,54.78,420
0,0.05,0.5,60000,0.03,0.03,0.0005,0,1,1,0.35,0,0.005,10,10,0.005,0.005,0.08,4,0.005,1,0,1,-1,1,4,0.5,0,57.69,57.76,420
0,0.05,0.5,60000,0.03,0.03,0.0005,0,1,1,0.35,0,0.005,10,10,0.005,0.005,0.16,0.015,0.005,1,0,1,-1,1,4,0.5,0,48.58,51.53,420
0,0.05,0.5,60000,0.03,0.03,0.0005,0,1,1,0.35,0,0.005,10,10,0.005,0.005,0.16,0.03,0.005,1,0,1,-1,1,4,0.5,0,39.99,44.35,420
0,0.05,0.5,60000,0.03,0.03,0.0005,0,1,1,0.35,0,0.005,10,10,0.005,0.005,0.16,0.06,0.005,1,0,1,-1,1,4,0.5,0,39.59,41.55,420
0,0.05,0.5,60000,0.03,0.03,0.0005,0,1,1,0.35,0,0.005,10,10,0.005,0.005,0.16,0.12,0.005,1,0,1,-1,1,4,0.5,0,21.16,35.14,420
0,0.05,0.5,60000,0.03,0.03,0.0005,0,1,1,0.35,0,0.005,10,10,0.005,0.005,0.16,0.24,0.005,1,0,1,-1,1,4,0.5,0,25.49,29.94,420
0,0.05,0.5,60000,0.03,0.03,0.0005,0,1,1,0.35,0,0.005,10,10,0.005,0.005,0.16,0.48,0.005,1,0,1,-1,1,4,0.5,0,32.46,33.02,420
0,0.05,0.5,60000,0.03,0.03,0.0005,0,1,1,0.35,0,0.005,10,10,0.005,0.005,0.16,1,0.005,1,0,1,-1,1,4,0.5,0,39.55,40.68,420
0,0.05,0.5,60000,0.03,0.03,0.0005,0,1,1,0.35,0,0.005,10,10,0.005,0.005,0.16,2,0.005,1,0,1,-1,1,4,0.5,0,48.84,49.2,420
0,0.05,0.5,60000,0.03,0.03,0.0005,0,1,1,0.35,0,0.005,10,10,0.005,0.005,0.16,4,0.005,1,0,1,-1,1,4,0.5,0,52.97,51.86,420
0,0.05,0.5,60000,0.03,0.03,0.0005,0,1,1,0.35,0,0.005,10,10,0.005,0.005,0.32,0.015,0.005,1,0,1,-1,1,4,0.5,0,47.93,53.62,420
0,0.05,0.5,60000,0.03,0.03,0.0005,0,1,1,0.35,0,0.005,10,10,0.005,0.005,0.32,0.03,0.005,1,0,1,-1,1,4,0.5,0,36.99,39.97,420
0,0.05,0.5,60000,0.03,0.03,0.0005,0,1,1,0.35,0,0.005,10,10,0.005,0.005,0.32,0.06,0.005,1,0,1,-1,1,4,0.5,0,36.79,37.89,420
0,0.05,0.5,60000,0.03,0.03,0.0005,0,1,1,0.35,0,0.005,10,10,0.005,0.005,0.32,0.12,0.005,1,0,1,-1,1,4,0.5,0,23.75,37.97,420
0,0.05,0.5,60000,0.03,0.03,0.0005,0,1,1,0.35,0,0.005,10,10,0.005,0.005,0.32,0.24,0.005,1,0,1,-1,1,4,0.5,0,10.29,37.07,420
0,0.05,0.5,60000,0.03,0.03,0.0005,0,1,1,0.35,0,0.005,10,10,0.005,0.005,0.32,0.48,0.005,1,0,1,-1,1,4,0.5,0,16.29,33,420
0,0.05,0.5,60000,0.03,0.03,0.0005,0,1,1,0.35,0,0.005,10,10,0.005,0.005,0.32,1,0.005,1,0,1,-1,1,4,0.5,0,24.89,28.59,420
0,0.05,0.5,60000,0.03,0.03,0.0005,0,1,1,0.35,0,0.005,10,10,0.005,0.005,0.32,2,0.005,1,0,1,-1,1,4,0.5,0,35.93,39.42,420
0,0.05,0.5,60000,0.03,0.03,0.0005,0,1,1,0.35,0,0.005,10,10,0.005,0.005,0.32,4,0.005,1,0,1,-1,1,4,0.5,0,52.48,52.2,420
0,0.05,0.5,60000,0.03,0.03,0.0005,0,1,1,0.35,0,0.005,10,10,0.005,0.005,0.00125,0.03,0.005,1,0,1,-1,1,4,0.5,0,54.6,54.75,1998
0,0.05,0.5,60000,0.03,0.03,0.0005,0,1,1,0.35,0,0.005,10,10,0.005,0.005,0.00125,0.06,0.005,1,0,1,-1,1,4,0.5,0,60.81,60.88,1998
0,0.05,0.5,60000,0.03,0.03,0.0005,0,1,1,0.35,0,0.005,10,10,0.005,0.005,0.00125,0.12,0.005,1,0,1,-1,1,4,0.5,0,60.52,60.57,1998
0,0.05,0.5,60000,0.03,0.03,0.0005,0,1,1,0.35,0,0.005,10,10,0.005,0.005,0.00125,0.24,0.005,1,0,1,-1,1,4,0.5,0,60.2,60.32,1998
0,0.05,0.5,60000,0.03,0.03,0.0005,0,1,1,0.35,0,0.005,10,10,0.005,0.005,0.00125,0.48,0.005,1,0,1,-1,1,4,0.5,0,60.31,60.46,1998
0,0.05,0.5,60000,0.03,0.03,0.0005,0,1,1,0.35,0,0.005,10,10,0.005,0.005,0.00125,1,0.005,1,0,1,-1,1,4,0.5,0,60.36,60.53,1998
0,0.05,0.5,60000,0.03,0.03,0.0005,0,1,1,0.35,0,0.005,10,10,0.005,0.005,0.00125,2,0.005,1,0,1,-1,1,4,0.5,0,60.35,60.67,1998
0,0.05,0.5,60000,0.03,0.03,0.0005,0,1,1,0.35,0,0.005,10,10,0.005,0.005,0.00125,4,0.005,1,0,1,-1,1,4,0.5,0,60.43,60.54,1998
0,0.05,0.5,60000,0.03,0.03,0.0005,0,1,1,0.35,0,0.005,10,10,0.005,0.005,0.0025,0.015,0.005,1,0,1,-1,1,4,0.5,0,60.28,60.37,1998
0,0.05,0.5,60000,0.03,0.03,0.0005,0,1,1,0.35,0,0.005,10,10,0.005,0.005,0.0025,0.03,0.005,1,0,1,-1,1,4,0.5,0,58.9,58.93,1998
0,0.05,0.5,60000,0.03,0.03,0.0005,0,1,1,0.35,0,0.005,10,10,0.005,0.005,0.0025,0.06,0.005,1,0,1,-1,1,4,0.5,0,58.89,59.2,1998
0,0.05,0.5,60000,0.03,0.03,0.0005,0,1,1,0.35,0,0.005,10,10,0.005,0.005,0.0025,0.12,0.005,1,0,1,-1,1,4,0.5,0,56.33,56.6,1998
0,0.05,0.5,60000,0.03,0.03,0.0005,0,1,1,0.35,0,0.005,10,10,0.005,0.005,0.0025,0.24,0.005,1,0,1,-1,1,4,0.5,0,60.71,60.8,1998
0,0.05,0.5,60000,0.03,0.03,0.0005,0,1,1,0.35,0,0.005,10,10,0.005,0.005,0.0025,0.48,0.005,1,0,1,-1,1,4,0.5,0,60.65,60.77,1998
0,0.05,0.5,60000,0.03,0.03,0.0005,0,1,1,0.35,0,0.005,10,10,0.005,0.005,0.0025,1,0.005,1,0,1,-1,1,4,0.5,0,60.29,60.46,1998
0,0.05,0.5,60000,0.03,0.03,0.0005,0,1,1,0.35,0,0.005,10,10,0.005,0.005,0.0025,2,0.005,1,0,1,-1,1,4,0.5,0,60.17,60.3,1998
0,0.05,0.5,60000,0.03,0.03,0.0005,0,1,1,0.35,0,0.005,10,10,0.005,0.005,0.0025,4,0.005,1,0,1,-1,1,4,0.5,0,60.23,60.41,1998
0,0.05,0.5,60000,0.03,0.03,0.0005,0,1,1,0.35,0,0.005,10,10,0.005,0.005,0.005,0.015,0.005,1,0,1,-1,1,4,0.5,0,60.16,60.38,1998
0,0.05,0.5,60000,0.03,0.03,0.0005,0,1,1,0.35,0,0.005,10,10,0.005,0.005,0.005,0.03,0.005,1,0,1,-1,1,4,0.5,0,59.16,59.22,1998
0,0.05,0.5,60000,0.03,0.03,0.0005,0,1,1,0.35,0,0.005,10,10,0.005,0.005,0.005,0.06,0.005,1,0,1,-1,1,4,0.5,0,60.48,60.55,1998
0,0.05,0.5,60000,0.03,0.03,0.0005,0,1,1,0.35,0,0.005,10,10,0.005,0.005,0.005,0.12,0.005,1,0,1,-1,1,4,0.5,0,58.51,58.85,1998
0,0.05,0.5,60000,0.03,0.03,0.0005,0,1,1,0.35,0,0.005,10,10,0.005,0.005,0.005,0.24,0.005,1,0,1,-1,1,4,0.5,0,59.95,60.02,1998
0,0.05,0.5,60000,0.03,0.03,0.0005,0,1,1,0.35,0,0.005,10,10,0.005,0.005,0.005,0.48,0.005,1,0,1,-1,1,4,0.5,0,58.85,58.88,1998
0,0.05,0.5,60000,0.03,0.03,0.0005,0,1,1,0.35,0,0.005,10,10,0.005,0.005,0.005,1,0.005,1,0,1,-1,1,4,0.5,0,60.87,60.93,1998
0,0.05,0.5,60000,0.03,0.03,0.0005,0,1,1,0.35,0,0.005,10,10,0.005,0.005,0.005,2,0.005,1,0,1,-1,1,4,0.5,0,60.32,60.5,1998
0,0.05,0.5,60000,0.03,0.03,0.0005,0,1,1,0.35,0,0.005,10,10,0.005,0.005,0.005,4,0.005,1,0,1,-1,1,4,0.5,0,60.8,60.86,1998
0,0.05,0.5,60000,0.03,0.03,0.0005,0,1,1,0.35,0,0.005,10,10,0.005,0.005,0.01,0.015,0.005,1,0,1,-1,1,4,0.5,0,50.24,50.99,1998
0,0.05,0.5,60000,0.03,0.03,0.0005,0,1,1,0.35,0,0.005,10,10,0.005,0.005,0.01,0.03,0.005,1,0,1,-1,1,4,0.5,0,53.49,53.58,1998
0,0.05,0.5,60000,0.03,0.03,0.0005,0,1,1,0.35,0,0.005,10,10,0.005,0.005,0.01,0.06,0.005,1,0,1,-1,1,4,0.5,0,50.49,50.71,1998
0,0.05,0.5,60000,0.03,0.03,0.0005,0,1,1,0.35,0,0.005,10,10,0.005,0.005,0.01,0.12,0.005,1,0,1,-1,1,4,0.5,0,56.43,57.57,1998
0,0.05,0.5,60000,0.03,0.03,0.0005,0,1,1,0.35,0,0.005,10,10,0.005,0.005,0.01,0.24,0.005,1,0,1,-1,1,4,0.5,0,59.32,59.41,1998
0,0.05,0.5,60000,0.03,0.03,0.0005,0,1,1,0.35,0,0.005,10,10,0.005,0.005,0.01,0.48,0.005,1,0,1,-1,1,4,0.5,0,59.68,59.74,1998
0,0.05,0.5,60000,0.03,0.03,0.0005,0,1,1,0.35,0,0.005,10,10,0.005,0.005,0.01,1,0.005,1,0,1,-1,1,4,0.5,0,60.64,60.7,1998
0,0.05,0.5,60000,0.03,0.03,0.0005,0,1,1,0.35,0,0.005,10,10,0.005,0.005,0.01,2,0.005,1,0,1,-1,1,4,0.5,0,61.32,61.36,1998
0,0.05,0.5,60000,0.03,0.03,0.0005,0,1,1,0.35,0,0.005,10,10,0.005,0.005,0.01,4,0.005,1,0,1,-1,1,4,0.5,0,61.13,61.24,1998
0,0.05,0.5,60000,0.03,0.03,0.0005,0,1,1,0.35,0,0.005,10,10,0.005,0.005,0.02,0.015,0.005,1,0,1,-1,1,4,0.5,0,51.73,52.33,1998
0,0.05,0.5,60000,0.03,0.03,0.0005,0,1,1,0.35,0,0.005,10,10,0.005,0.005,0.02,0.03,0.005,1,0,1,-1,1,4,0.5,0,46.86,50.33,1998
0,0.05,0.5,60000,0.03,0.03,0.0005,0,1,1,0.35,0,0.005,10,10,0.005,0.005,0.02,0.06,0.005,1,0,1,-1,1,4,0.5,0,46.49,47.8,1998
0,0.05,0.5,60000,0.03,0.03,0.0005,0,1,1,0.35,0,0.005,10,10,0.005,0.005,0.02,0.12,0.005,1,0,1,-1,1,4,0.5,0,49.5,49.84,1998
0,0.05,0.5,60000,0.03,0.03,0.0005,0,1,1,0.35,0,0.005,10,10,0.005,0.005,0.02,0.24,0.005,1,0,1,-1,1,4,0.5,0,49.81,50.15,1998
0,0.05,0.5,60000,0.03,0.03,0.0005,0,1,1,0.35,0,0.005,10,10,0.005,0.005,0.02,0.48,0.005,1,0,1,-1,1,4,0.5,0,59.01,59.13,1998
0,0.05,0.5,60000,0.03,0.03,0.0005,0,1,1,0.35,0,0.005,10,10,0.005,0.005,0.02,1,0.005,1,0,1,-1,1,4,0.5,0,61.76,61.83,1998
0,0.05,0.5,60000,0.03,0.03,0.0005,0,1,1,0.35,0,0.005,10,10,0.005,0.005,0.02,2,0.005,1,0,1,-1,1,4,0.5,0,62.27,62.39,1998
0,0.05,0.5,60000,0.03,0.03,0.0005,0,1,1,0.35,0,0.005,10,10,0.005,0.005,0.02,4,0.005,1,0,1,-1,1,4,0.5,0,62.29,62.43,1998
0,0.05,0.5,60000,0.03,0.03,0.0005,0,1,1,0.35,0,0.005,10,10,0.005,0.005,0.04,0.015,0.005,1,0,1,-1,1,4,0.5,0,46.5,47.97,1998
0,0.05,0.5,60000,0.03,0.03,0.0005,0,1,1,0.35,0,0.005,10,10,0.005,0.005,0.04,0.03,0.005,1,0,1,-1,1,4,0.5,0,42.37,45.58,1998
0,0.05,0.5,60000,0.03,0.03,0.0005,0,1,1,0.35,0,0.005,10,10,0.005,0.005,0.04,0.06,0.005,1,0,1,-1,1,4,0.5,0,42.12,42.97,1998
0,0.05,0.5,60000,0.03,0.03,0.0005,0,1,1,0.35,0,0.005,10,10,0.005,0.005,0.04,0.12,0.005,1,0,1,-1,1,4,0.5,0,38.07,40.58,1998
0,0.05,0.5,60000,0.03,0.03,0.0005,0,1,1,0.35,0,0.005,10,10,0.005,0.005,0.04,0.24,0.005,1,0,1,-1,1,4,0.5,0,38.81,41.75,1998
0,0.05,0.5,60000,0.03,0.03,0.0005,0,1,1,0.35,0,0.005,10,10,0.005,0.005,0.04,0.48,0.005,1,0,1,-1,1,4,0.5,0,48.9,49.24,1998
0,0.05,0.5,60000,0.03,0.03,0.0005,0,1,1,0.35,0,0.005,10,10,0.005,0.005,0.04,1,0.005,1,0,1,-1,1,4,0.5,0,50.01,51.42,1998
0,0.05,0.5,60000,0.03,0.03,0.0005,0,1,1,0.35,0,0.005,10,10,0.005,0.005,0.04,2,0.005,1,0,1,-1,1,4,0.5,0,61.87,63.13,1998
0,0.05,0.5,60000,0.03,0.03,0.0005,0,1,1,0.35,0,0.005,10,10,0.005,0.005,0.04,4,0.005,1,0,1,-1,1,4,0.5,0,61.97,62.18,1998
0,0.05,0.5,60000,0.03,0.03,0.0005,0,1,1,0.35,0,0.005,10,10,0.005,0.005,0.08,0.015,0.005,1,0,1,-1,1,4,0.5,0,45.55,47.41,1998
0,0.05,0.5,60000,0.03,0.03,0.0005,0,1,1,0.35,0,0.005,10,10,0.005,0.005,0.08,0.03,0.005,1,0,1,-1,1,4,0.5,0,39.74,42.93,1998
0,0.05,0.5,60000,0.03,0.03,0.0005,0,1,1,0.35,0,0.005,10,10,0.005,0.005,0.08,0.06,0.005,1,0,1,-1,1,4,0.5,0,37.93,41.93,1998
0,0.05,0.5,60000,0.03,0.03,0.0005,0,1,1,0.35,0,0.005,10,10,0.005,0.005,0.08,0.12,0.005,1,0,1,-1,1,4,0.5,0,41.63,43.59,1998
0,0.05,0.5,60000,0.03,0.03,0.0005,0,1,1,0.35,0,0.005,10,10,0.005,0.005,0.08,0.24,0.005,1,0,1,-1,1,4,0.5,0,36.87,38.18,1998
0,0.05,0.5,60000,0.03,0.03,0.0005,0,1,1,0.35,0,0.005,10,10,0.005,0.005,0.08,0.48,0.005,1,0,1,-1,1,4,0.5,0,38.97,38.77,1998
0,0.05,0.5,60000,0.03,0.03,0.0005,0,1,1,0.35,0,0.005,10,10,0.005,0.005,0.08,1,0.005,1,0,1,-1,1,4,0.5,0,51.18,52.34,1998
0,0.05,0.5,60000,0.03,0.03,0.0005,0,1,1,0.35,0,0.005,10,10,0.005,0.005,0.08,2,0.005,1,0,1,-1,1,4,0.5,0,52.28,51.02,1998
0,0.05,0.5,60000,0.03,0.03,0.0005,0,1,1,0.35,0,0.005,10,10,0.005,0.005,0.08,4,0.005,1,0,1,-1,1,4,0.5,0,60.2,60.31,1998
0,0.05,0.5,60000,0.03,0.03,0.0005,0,1,1,0.35,0,0.005,10,10,0.005,0.005,0.16,0.015,0.005,1,0,1,-1,1,4,0.5,0,45.74,47.35,1998
0,0.05,0.5,60000,0.03,0.03,0.0005,0,1,1,0.35,0,0.005,10,10,0.005,0.005,0.16,0.03,0.005,1,0,1,-1,1,4,0.5,0,37.05,43.32,1998
0,0.05,0.5,60000,0.03,0.03,0.0005,0,1,1,0.35,0,0.005,10,10,0.005,0.005,0.16,0.06,0.005,1,0,1,-1,1,4,0.5,0,34.33,39.79,1998
0,0.05,0.5,60000,0.03,0.03,0.0005,0,1,1,0.35,0,0.005,10,10,0.005,0.005,0.16,0.12,0.005,1,0,1,-1,1,4,0.5,0,29.3,36.97,1998
0,0.05,0.5,60000,0.03,0.03,0.0005,0,1,1,0.35,0,0.005,10,10,0.005,0.005,0.16,0.24,0.005,1,0,1,-1,1,4,0.5,0,27.72,33.77,1998
0,0.05,0.5,60000,0.03,0.03,0.0005,0,1,1,0.35,0,0.005,10,10,0.005,0.005,0.16,0.48,0.005,1,0,1,-1,1,4,0.5,0,30.41,32.12,1998
0,0.05,0.5,60000,0.03,0.03,0.0005,0,1,1,0.35,0,0.005,10,10,0.005,0.005,0.16,1,0.005,1,0,1,-1,1,4,0.5,0,36.01,37.25,1998
0,0.05,0.5,60000,0.03,0.03,0.0005,0,1,1,0.35,0,0.005,10,10,0.005,0.005,0.16,2,0.005,1,0,1,-1,1,4,0.5,0,45.66,46.69,1998
0,0.05,0.5,60000,0.03,0.03,0.0005,0,1,1,0.35,0,0.005,10,10,0.005,0.005,0.16,4,0.005,1,0,1,-1,1,4,0.5,0,53.18,53.84,1998
0,0.05,0.5,60000,0.03,0.03,0.0005,0,1,1,0.35,0,0.005,10,10,0.005,0.005,0.00125,0.03,0.005,1,0,1,-1,1,4,0.5,0,63.44,63.56,2011
0,0.05,0.5,60000,0.03,0.03,0.0005,0,1,1,0.35,0,0.005,10,10,0.005,0.005,0.00125,0.06,0.005,1,0,1,-1,1,4,0.5,0,63.34,63.51,2011
0,0.05,0.5,60000,0.03,0.03,0.0005,0,1,1,0.35,0,0.005,10,10,0.005,0.005,0.00125,0.12,0.005,1,0,1,-1,1,4,0.5,0,63.3,63.46,2011
0,0.05,0.5,60000,0.03,0.03,0.0005,0,1,1,0.35,0,0.005,10,10,0.005,0.005,0.00125,0.24,0.005,1,0,1,-1,1,4,0.5,0,63.34,63.53,2011
0,0.05,0.5,60000,0.03,0.03,0.0005,0,1,1,0.35,0,0.005,10,10,0.005,0.005,0.00125,0.48,0.005,1,0,1,-1,1,4,0.5,0,63.53,63.66,2011
0,0.05,0.5,60000,0.03,0.03,0.0005,0,1,1,0.35,0,0.005,10,10,0.005,0.005,0.00125,1,0.005,1,0,1,-1,1,4,0.5,0,63.44,63.61,2011
0,0.05,0.5,60000,0.03,0.03,0.0005,0,1,1,0.35,0,0.005,10,10,0.005,0.005,0.00125,2,0.005,1,0,1,-1,1,4,0.5,0,63.69,63.74,2011
0,0.05,0.5,60000,0.03,0.03,0.0005,0,1,1,0.35,0,0.005,10,10,0.005,0.005,0.00125,4,0.005,1,0,1,-1,1,4,0.5,0,63.54,63.7,2011
0,0.05,0.5,60000,0.03,0.03,0.0005,0,1,1,0.35,0,0.005,10,10,0.005,0.005,0.0025,0.015,0.005,1,0,1,-1,1,4,0.5,0,63.45,63.59,2011
0,0.05,0.5,60000,0.03,0.03,0.0005,0,1,1,0.35,0,0.005,10,10,0.005,0.005,0.0025,0.03,0.005,1,0,1,-1,1,4,0.5,0,63.31,63.24,2011
0,0.05,0.5,60000,0.03,0.03,0.0005,0,1,1,0.35,0,0.005,10,10,0.005,0.005,0.0025,0.06,0.005,1,0,1,-1,1,4,0.5,0,63.02,62.92,2011
0,0.05,0.5,60000,0.03,0.03,0.0005,0,1,1,0.35,0,0.005,10,10,0.005,0.005,0.0025,0.12,0.005,1,0,1,-1,1,4,0.5,0,62.93,63.04,2011
0,0.05,0.5,60000,0.03,0.03,0.0005,0,1,1,0.35,0,0.005,10,10,0.005,0.005,0.0025,0.24,0.005,1,0,1,-1,1,4,0.5,0,63.37,63.28,2011
0,0.05,0.5,60000,0.03,0.03,0.0005,0,1,1,0.35,0,0.005,10,10,0.005,0.005,0.0025,0.48,0.005,1,0,1,-1,1,4,0.5,0,63.48,63.34,2011
0,0.05,0.5,60000,0.03,0.03,0.0005,0,1,1,0.35,0,0.005,10,10,0.005,0.005,0.0025,1,0.005,1,0,1,-1,1,4,0.5,0,63.33,63.47,2011
0,0.05,0.5,60000,0.03,0.03,0.0005,0,1,1,0.35,0,0.005,10,10,0.005,0.005,0.0025,2,0.005,1,0,1,-1,1,4,0.5,0,63.61,63.72,2011
0,0.05,0.5,60000,0.03,0.03,0.0005,0,1,1,0.35,0,0.005,10,10,0.005,0.005,0.0025,4,0.005,1,0,1,-1,1,4,0.5,0,63.71,63.87,2011
0,0.05,0.5,60000,0.03,0.03,0.0005,0,1,1,0.35,0,0.005,10,10,0.005,0.005,0.005,0.015,0.005,1,0,1,-1,1,4,0.5,0,62.21,62.36,2011
0,0.05,0.5,60000,0.03,0.03,0.0005,0,1,1,0.35,0,0.005,10,10,0.005,0.005,0.005,0.03,0.005,1,0,1,-1,1,4,0.5,0,60.93,61.11,2011
0,0.05,0.5,60000,0.03,0.03,0.0005,0,1,1,0.35,0,0.005,10,10,0.005,0.005,0.005,0.06,0.005,1,0,1,-1,1,4,0.5,0,59.48,59.52,2011
0,0.05,0.5,60000,0.03,0.03,0.0005,0,1,1,0.35,0,0.005,10,10,0.005,0.005,0.005,0.12,0.005,1,0,1,-1,1,4,0.5,0,62.59,62.69,2011
0,0.05,0.5,60000,0.03,0.03,0.0005,0,1,1,0.35,0,0.005,10,10,0.005,0.005,0.005,0.24,0.005,1,0,1,-1,1,4,0.5,0,62.67,62.8,2011
0,0.05,0.5,60000,0.03,0.03,0.0005,0,1,1,0.35,0,0.005,10,10,0.005,0.005,0.005,0.48,0.005,1,0,1,-1,1,4,0.5,0,62.58,62.58,2011
0,0.05,0.5,60000,0.03,0.03,0.0005,0,1,1,0.35,0,0.005,10,10,0.005,0.005,0.005,1,0.005,1,0,1,-1,1,4,0.5,0,63.29,63.24,2011
0,0.05,0.5,60000,0.03,0.03,0.0005,0,1,1,0.35,0,0.005,10,10,0.005,0.005,0.005,2,0.005,1,0,1,-1,1,4,0.5,0,63.85,63.72,2011
0,0.05,0.5,60000,0.03,0.03,0.0005,0,1,1,0.35,0,0.005,10,10,0.005,0.005,0.005,4,0.005,1,0,1,-1,1,4,0.5,0,63.76,63.72,2011
0,0.05,0.5,60000,0.03,0.03,0.0005,0,1,1,0.35,0,0.005,10,10,0.005,0.005,0.01,0.015,0.005,1,0,1,-1,1,4,0.5,0,56.12,56.52,2011
0,0.05,0.5,60000,0.03,0.03,0.0005,0,1,1,0.35,0,0.005,10,10,0.005,0.005,0.01,0.03,0.005,1,0,1,-1,1,4,0.5,0,56.39,56.69,2011
0,0.05,0.5,60000,0.03,0.03,0.0005,0,1,1,0.35,0,0.005,10,10,0.005,0.005,0.01,0.06,0.005,1,0,1,-1,1,4,0.5,0,57.8,57.87,2011
0,0.05,0.5,60000,0.03,0.03,0.0005,0,1,1,0.35,0,0.005,10,10,0.005,0.005,0.01,0.12,0.005,1,0,1,-1,1,4,0.5,0,55,55.29,2011
0,0.05,0.5,60000,0.03,0.03,0.0005,0,1,1,0.35,0,0.005,10,10,0.005,0.005,0.01,0.24,0.005,1,0,1,-1,1,4,0.5,0,61.18,61.2,2011
0,0.05,0.5,60000,0.03,0.03,0.0005,0,1,1,0.35,0,0.005,10,10,0.005,0.005,0.01,0.48,0.005,1,0,1,-1,1,4,0.5,0,61.11,61.19,2011
0,0.05,0.5,60000,0.03,0.03,0.0005,0,1,1,0.35,0,0.005,10,10,0.005,0.005,0.01,1,0.005,1,0,1,-1,1,4,0.5,0,61.65,61.42,2011
0,0.05,0.5,60000,0.03,0.03,0.0005,0,1,1,0.35,0,0.005,10,10,0.005,0.005,0.01,2,0.005,1,0,1,-1,1,4,0.5,0,61.76,61.68,2011
0,0.05,0.5,60000,0.03,0.03,0.0005,0,1,1,0.35,0,0.005,10,10,0.005,0.005,0.01,4,0.005,1,0,1,-1,1,4,0.5,0,63.61,63.69,2011
0,0.05,0.5,60000,0.03,0.03,0.0005,0,1,1,0.35,0,0.005,10,10,0.005,0.005,0.02,0.015,0.005,1,0,1,-1,1,4,0.5,0,48.46,48.83,2011
0,0.05,0.5,60000,0.03,0.03,0.0005,0,1,1,0.35,0,0.005,10,10,0.005,0.005,0.02,0.03,0.005,1,0,1,-1,1,4,0.5,0,47.88,48.39,2011
0,0.05,0.5,60000,0.03,0.03,0.0005,0,1,1,0.35,0,0.005,10,10,0.005,0.005,0.02,0.06,0.005,1,0,1,-1,1,4,0.5,0,49.49,50.06,2011
0,0.05,0.5,60000,0.03,0.03,0.0005,0,1,1,0.35,0,0.005,10,10,0.005,0.005,0.02,0.12,0.005,1,0,1,-1,1,4,0.5,0,49.42,52.18,2011
0,0.05,0.5,60000,0.03,0.03,0.0005,0,1,1,0.35,0,0.005,10,10,0.005,0.005,0.02,0.24,0.005,1,0,1,-1,1,4,0.5,0,53.68,53.75,2011
0,0.05,0.5,60000,0.03,0.03,0.0005,0,1,1,0.35,0,0.005,10,10,0.005,0.005,0.02,0.48,0.005,1,0,1,-1,1,4,0.5,0,60.89,60.9,2011
0,0.05,0.5,60000,0.03,0.03,0.0005,0,1,1,0.35,0,0.005,10,10,0.005,0.005,0.02,1,0.005,1,0,1,-1,1,4,0.5,0,62.41,62.57,2011
0,0.05,0.5,60000,0.03,0.03,0.0005,0,1,1,0.35,0,0.005,10,10,0.005,0.005,0.02,2,0.005,1,0,1,-1,1,4,0.5,0,62.17,62.35,2011
0,0.05,0.5,60000,0.03,0.03,0.0005,0,1,1,0.35,0,0.005,10,10,0.005,0.005,0.02,4,0.005,1,0,1,-1,1,4,0.5,0,62.39,62.54,2011
0,0.05,0.5,60000,0.03,0.03,0.0005,0,1,1,0.35,0,0.005,10,10,0.005,0.005,0.04,0.015,0.005,1,0,1,-1,1,4,0.5,0,46.26,45.89,2011
0,0.05,0.5,60000,0.03,0.03,0.0005,0,1,1,0.35,0,0.005,10,10,0.005,0.005,0.04,0.03,0.005,1,0,1,-1,1,4,0.5,0,47.49,49.52,2011
0,0.05,0.5,60000,0.03,0.03,0.0005,0,1,1,0.35,0,0.005,10,10,0.005,0.005,0.04,0.06,0.005,1,0,1,-1,1,4,0.5,0,47.69,48.13,2011
0,0.05,0.5,60000,0.03,0.03,0.0005,0,1,1,0.35,0,0.005,10,10,0.005,0.005,0.04,0.12,0.005,1,0,1,-1,1,4,0.5,0,43.72,45.61,2011
0,0.05,0.5,60000,0.03,0.03,0.0005,0,1,1,0.35,0,0.005,10,10,0.005,0.005,0.04,0.24,0.005,1,0,1,-1,1,4,0.5,0,43.11,45.17,2011
0,0.05,0.5,60000,0.03,0.03,0.0005,0,1,1,0.35,0,0.005,10,10,0.005,0.005,0.04,0.48,0.005,1,0,1,-1,1,4,0.5,0,47.92,50.15,2011
0,0.05,0.5,60000,0.03,0.03,0.0005,0,1,1,0.35,0,0.005,10,10,0.005,0.005,0.04,1,0.005,1,0,1,-1,1,4,0.5,0,58.27,58.55,2011
0,0.05,0.5,60000,0.03,0.03,0.0005,0,1,1,0.35,0,0.005,10,10,0.005,0.005,0.04,2,0.005,1,0,1,-1,1,4,0.5,0,64.02,64.09,2011
0,0.05,0.5,60000,0.03,0.03,0.0005,0,1,1,0.35,0,0.005,10,10,0.005,0.005,0.04,4,0.005,1,0,1,-1,1,4,0.5,0,63.78,63.82,2011
0,0.05,0.5,60000,0.03,0.03,0.0005,0,1,1,0.35,0,0.005,10,10,0.005,0.005,0.08,0.015,0.005,1,0,1,-1,1,4,0.5,0,46.47,48.34,2011
0,0.05,0.5,60000,0.03,0.03,0.0005,0,1,1,0.35,0,0.005,10,10,0.005,0.005,0.08,0.03,0.005,1,0,1,-1,1,4,0.5,0,42.86,46.15,2011
0,0.05,0.5,60000,0.03,0.03,0.0005,0,1,1,0.35,0,0.005,10,10,0.005,0.005,0.08,0.06,0.005,1,0,1,-1,1,4,0.5,0,41.44,43.5,2011
0,0.05,0.5,60000,0.03,0.03,0.0005,0,1,1,0.35,0,0.005,10,10,0.005,0.005,0.08,0.12,0.005,1,0,1,-1,1,4,0.5,0,40.62,41.73,2011
0,0.05,0.5,60000,0.03,0.03,0.0005,0,1,1,0.35,0,0.005,10,10,0.005,0.005,0.08,0.24,0.005,1,0,1,-1,1,4,0.5,0,35.84,38.16,2011
0,0.05,0.5,60000,0.03,0.03,0.0005,0,1,1,0.35,0,0.005,10,10,0.005,0.005,0.08,0.48,0.005,1,0,1,-1,1,4,0.5,0,41.44,42.99,2011
0,0.05,0.5,60000,0.03,0.03,0.0005,0,1,1,0.35,0,0.005,10,10,0.005,0.005,0.08,1,0.005,1,0,1,-1,1,4,0.5,0,47.58,49.56,2011
0,0.05,0.5,60000,0.03,0.03,0.0005,0,1,1,0.35,0,0.005,10,10,0.005,0.005,0.08,2,0.005,1,0,1,-1,1,4,0.5,0,56.05,57.52,2011
0,0.05,0.5,60000,0.03,0.03,0.0005,0,1,1,0.35,0,0.005,10,10,0.005,0.005,0.08,4,0.005,1,0,1,-1,1,4,0.5,0,56.79,57.54,2011
0,0.05,0.5,60000,0.03,0.03,0.0005,0,1,1,0.35,0,0.005,10,10,0.005,0.005,0.16,0.015,0.005,1,0,1,-1,1,4,0.5,0,39.6,41.03,2011
0,0.05,0.5,60000,0.03,0.03,0.0005,0,1,1,0.35,0,0.005,10,10,0.005,0.005,0.16,0.03,0.005,1,0,1,-1,1,4,0.5,0,45.34,47.38,2011
0,0.05,0.5,60000,0.03,0.03,0.0005,0,1,1,0.35,0,0.005,10,10,0.005,0.005,0.16,0.06,0.005,1,0,1,-1,1,4,0.5,0,39.47,42.89,2011
0,0.05,0.5,60000,0.03,0.03,0.0005,0,1,1,0.35,0,0.005,10,10,0.005,0.005,0.16,0.12,0.005,1,0,1,-1,1,4,0.5,0,33.46,39.92,2011
0,0.05,0.5,60000,0.03,0.03,0.0005,0,1,1,0.35,0,0.005,10,10,0.005,0.005,0.16,0.24,0.005,1,0,1,-1,1,4,0.5,0,34.23,38.51,2011
0,0.05,0.5,60000,0.03,0.03,0.0005,0,1,1,0.35,0,0.005,10,10,0.005,0.005,0.16,0.48,0.005,1,0,1,-1,1,4,0.5,0,26.36,30.57,2011
0,0.05,0.5,60000,0.03,0.03,0.0005,0,1,1,0.35,0,0.005,10,10,0.005,0.005,0.16,1,0.005,1,0,1,-1,1,4,0.5,0,41.05,44.07,2011
0,0.05,0.5,60000,0.03,0.03,0.0005,0,1,1,0.35,0,0.005,10,10,0.005,0.005,0.16,2,0.005,1,0,1,-1,1,4,0.5,0,47.57,48.26,2011
0,0.05,0.5,60000,0.03,0.03,0.0005,0,1,1,0.35,0,0.005,10,10,0.005,0.005,0.16,4,0.005,1,0,1,-1,1,4,0.5,0,54.22,54.51,2011
0,0.05,0.5,60000,0.03,0.03,0.0005,0,1,1,0.35,0,0.005,10,10,0.005,0.005,0.32,0.015,0.005,1,0,1,-1,1,4,0.5,0,41.82,44.25,2011
0,0.05,0.5,60000,0.03,0.03,0.0005,0,1,1,0.35,0,0.005,10,10,0.005,0.005,0.32,0.015,0.005,1,0,1,-1,1,4,0.5,0,39.13,44.25,1998
0,0.05,0.5,60000,0.03,0.03,0.0005,0,1,1,0.35,0,0.005,10,10,0.005,0.005,0.32,0.03,0.005,1,0,1,-1,1,4,0.5,0,37.52,46.62,100
0,0.05,0.5,60000,0.03,0.03,0.0005,0,1,1,0.35,0,0.005,10,10,0.005,0.005,0.32,0.03,0.005,1,0,1,-1,1,4,0.5,0,32.36,44.09,2011
0,0.05,0.5,60000,0.03,0.03,0.0005,0,1,1,0.35,0,0.005,10,10,0.005,0.005,0.32,0.03,0.005,1,0,1,-1,1,4,0.5,0,32.43,42.78,1998
0,0.05,0.5,60000,0.03,0.03,0.0005,0,1,1,0.35,0,0.005,10,10,0.005,0.005,0.32,0.06,0.005,1,0,1,-1,1,4,0.5,0,35.83,47.15,100
0,0.05,0.5,60000,0.03,0.03,0.0005,0,1,1,0.35,0,0.005,10,10,0.005,0.005,0.32,0.06,0.005,1,0,1,-1,1,4,0.5,0,36.12,43.91,2011
0,0.05,0.5,60000,0.03,0.03,0.0005,0,1,1,0.35,0,0.005,10,10,0.005,0.005,0.32,0.06,0.005,1,0,1,-1,1,4,0.5,0,26.8,35.38,1998
0,0.05,0.5,60000,0.03,0.03,0.0005,0,1,1,0.35,0,0.005,10,10,0.005,0.005,0.32,0.12,0.005,1,0,1,-1,1,4,0.5,0,29.92,40.33,100
0,0.05,0.5,60000,0.03,0.03,0.0005,0,1,1,0.35,0,0.005,10,10,0.005,0.005,0.32,0.12,0.005,1,0,1,-1,1,4,0.5,0,33.03,38.67,2011
0,0.05,0.5,60000,0.03,0.03,0.0005,0,1,1,0.35,0,0.005,10,10,0.005,0.005,0.32,0.12,0.005,1,0,1,-1,1,4,0.5,0,26.73,40.27,1998
0,0.05,0.5,60000,0.03,0.03,0.0005,0,1,1,0.35,0,0.005,10,10,0.005,0.005,0.32,0.24,0.005,1,0,1,-1,1,4,0.5,0,18.78,34.88,100
0,0.05,0.5,60000,0.03,0.03,0.0005,0,1,1,0.35,0,0.005,10,10,0.005,0.005,0.32,0.24,0.005,1,0,1,-1,1,4,0.5,0,18.11,36.51,2011
0,0.05,0.5,60000,0.03,0.03,0.0005,0,1,1,0.35,0,0.005,10,10,0.005,0.005,0.32,0.24,0.005,1,0,1,-1,1,4,0.5,0,23.97,38.58,1998
0,0.05,0.5,60000,0.03,0.03,0.0005,0,1,1,0.35,0,0.005,10,10,0.005,0.005,0.32,0.48,0.005,1,0,1,-1,1,4,0.5,0,23.12,35.26,100
0,0.05,0.5,60000,0.03,0.03,0.0005,0,1,1,0.35,0,0.005,10,10,0.005,0.005,0.32,0.48,0.005,1,0,1,-1,1,4,0.5,0,15.92,27.69,2011
0,0.05,0.5,60000,0.03,0.03,0.0005,0,1,1,0.35,0,0.005,10,10,0.005,0.005,0.32,0.48,0.005,1,0,1,-1,1,4,0.5,0,12.07,34.03,1998
0,0.05,0.5,60000,0.03,0.03,0.0005,0,1,1,0.35,0,0.005,10,10,0.005,0.005,0.32,1,0.005,1,0,1,-1,1,4,0.5,0,17.27,29.23,100
0,0.05,0.5,60000,0.03,0.03,0.0005,0,1,1,0.35,0,0.005,10,10,0.005,0.005,0.32,1,0.005,1,0,1,-1,1,4,0.5,0,16.16,35.32,2011
0,0.05,0.5,60000,0.03,0.03,0.0005,0,1,1,0.35,0,0.005,10,10,0.005,0.005,0.32,1,0.005,1,0,1,-1,1,4,0.5,0,20.8,33.63,1998
0,0.05,0.5,60000,0.03,0.03,0.0005,0,1,1,0.35,0,0.005,10,10,0.005,0.005,0.32,2,0.005,1,0,1,-1,1,4,0.5,0,36.51,41.43,100
0,0.05,0.5,60000,0.03,0.03,0.0005,0,1,1,0.35,0,0.005,10,10,0.005,0.005,0.32,2,0.005,1,0,1,-1,1,4,0.5,0,41.4,41.87,2011
0,0.05,0.5,60000,0.03,0.03,0.0005,0,1,1,0.35,0,0.005,10,10,0.005,0.005,0.32,2,0.005,1,0,1,-1,1,4,0.5,0,37.52,36.27,1998
0,0.05,0.5,60000,0.03,0.03,0.0005,0,1,1,0.35,0,0.005,10,10,0.005,0.005,0.32,4,0.005,1,0,1,-1,1,4,0.5,0,51.41,52.55,100
0,0.05,0.5,60000,0.03,0.03,0.0005,0,1,1,0.35,0,0.005,10,10,0.005,0.005,0.32,4,0.005,1,0,1,-1,1,4,0.5,0,46.24,47.91,2011
0,0.05,0.5,60000,0.03,0.03,0.0005,0,1,1,0.35,0,0.005,10,10,0.005,0.005,0.32,4,0.005,1,0,1,-1,1,4,0.5,0,46.26,46.4,1998
0,0.05,0.5,60000,0.03,0.03,0.0005,0,1,1,0.35,0,0.005,10,10,0.005,0.005,0.32,0.24,0.005,1,0,1,-1,1,4,0.5,0,18.78,34.88,100
0,0.05,0.5,60000,0.03,0.03,0.0005,0,1,1,0.35,0,0.005,10,10,0.005,0.005,0.32,0.24,0.005,1,0,1,-1,1,4,0.5,0,18.11,36.51,2011
0,0.05,0.5,60000,0.03,0.03,0.0005,0,1,1,0.35,0,0.005,10,10,0.005,0.005,0.32,0.24,0.005,1,0,1,-1,1,4,0.5,0,23.97,38.58,1998
0,0.05,0.5,60000,0.03,0.03,0.0005,0,1,1,0.35,0,0.005,10,10,0.005,0.005,0.32,0.24,0.005,1,0,1,-1,1,4,0.5,0,20.78,34.83,50
0,0.05,0.5,60000,0.03,0.03,0.0005,0,1,1,0.35,0,0.005,10,10,0.005,0.005,0.32,0.24,0.005,1,0,1,-1,1,4,0.5,0,10.29,37.07,420
0,0.05,0.5,60000,0.03,0.03,0.0005,0,1,1,0.35,0,0.005,10,10,0.005,0.005,0.32,0.48,0.005,1,0,1,-1,1,4,0.5,0,23.12,35.26,100
0,0.05,0.5,60000,0.03,0.03,0.0005,0,1,1,0.35,0,0.005,10,10,0.005,0.005,0.32,0.48,0.005,1,0,1,-1,1,4,0.5,0,15.92,27.69,2011
0,0.05,0.5,60000,0.03,0.03,0.0005,0,1,1,0.35,0,0.005,10,10,0.005,0.005,0.32,0.48,0.005,1,0,1,-1,1,4,0.5,0,12.07,34.03,1998
0,0.05,0.5,60000,0.03,0.03,0.0005,0,1,1,0.35,0,0.005,10,10,0.005,0.005,0.32,0.48,0.005,1,0,1,-1,1,4,0.5,0,17.5,29.21,50
0,0.05,0.5,60000,0.03,0.03,0.0005,0,1,1,0.35,0,0.005,10,10,0.005,0.005,0.32,0.48,0.005,1,0,1,-1,1,4,0.5,0,16.29,33,420
0,0.05,0.5,60000,0.03,0.03,0.0005,0,1,1,0.35,0,0.005,10,10,0.005,0.005,0.32,1,0.005,1,0,1,-1,1,4,0.5,0,17.27,29.23,100
0,0.05,0.5,60000,0.03,0.03,0.0005,0,1,1,0.35,0,0.005,10,10,0.005,0.005,0.32,1,0.005,1,0,1,-1,1,4,0.5,0,16.16,35.32,2011
0,0.05,0.5,60000,0.03,0.03,0.0005,0,1,1,0.35,0,0.005,10,10,0.005,0.005,0.32,1,0.005,1,0,1,-1,1,4,0.5,0,20.8,33.63,1998
0,0.05,0.5,60000,0.03,0.03,0.0005,0,1,1,0.35,0,0.005,10,10,0.005,0.005,0.32,1,0.005,1,0,1,-1,1,4,0.5,0,22.33,26.3,50
0,0.05,0.5,60000,0.03,0.03,0.0005,0,1,1,0.35,0,0.005,10,10,0.005,0.005,0.32,1,0.005,1,0,1,-1,1,4,0.5,0,24.89,28.59,420
0,0.05,0.5,60000,0.03,0.03,0.0005,0,1,1,0.35,0,0.005,10,10,0.005,0.005,0.32,2,0.005,1,0,1,-1,1,4,0.5,0,36.51,41.43,100
0,0.05,0.5,60000,0.03,0.03,0.0005,0,1,1,0.35,0,0.005,10,10,0.005,0.005,0.32,2,0.005,1,0,1,-1,1,4,0.5,0,41.4,41.87,2011
0,0.05,0.5,60000,0.03,0.03,0.0005,0,1,1,0.35,0,0.005,10,10,0.005,0.005,0.32,2,0.005,1,0,1,-1,1,4,0.5,0,37.52,36.27,1998
0,0.05,0.5,60000,0.03,0.03,0.0005,0,1,1,0.35,0,0.005,10,10,0.005,0.005,0.32,2,0.005,1,0,1,-1,1,4,0.5,0,42.06,43.26,50
0,0.05,0.5,60000,0.03,0.03,0.0005,0,1,1,0.35,0,0.005,10,10,0.005,0.005,0.32,2,0.005,1,0,1,-1,1,4,0.5,0,35.93,39.42,420
0,0.05,0.5,60000,0.03,0.03,0.0005,0,1,1,0.35,0,0.005,10,10,0.005,0.005,0.32,4,0.005,1,0,1,-1,1,4,0.5,0,51.41,52.55,100
0,0.05,0.5,60000,0.03,0.03,0.0005,0,1,1,0.35,0,0.005,10,10,0.005,0.005,0.32,4,0.005,1,0,1,-1,1,4,0.5,0,46.24,47.91,2011
0,0.05,0.5,60000,0.03,0.03,0.0005,0,1,1,0.35,0,0.005,10,10,0.005,0.005,0.32,4,0.005,1,0,1,-1,1,4,0.5,0,46.26,46.4,1998
0,0.05,0.5,60000,0.03,0.03,0.0005,0,1,1,0.35,0,0.005,10,10,0.005,0.005,0.32,4,0.005,1,0,1,-1,1,4,0.5,0,53.71,54.73,50
0,0.05,0.5,60000,0.03,0.03,0.0005,0,1,1,0.35,0,0.005,10,10,0.005,0.005,0.32,4,0.005,1,0,1,-1,1,4,0.5,0,52.48,52.2,420
0,0.05,0.5,60000,0.03,0.03,0.0005,0,1,1,0.35,0,0.005,10,10,0.005,0.005,0.32,0.015,0.005,1,0,1,-1,1,4,0.5,0,37.55,49.11,100
0,0.05,0.5,60000,0.03,0.03,0.0005,0,1,1,0.35,0,0.005,10,10,0.005,0.005,0.32,0.015,0.005,1,0,1,-1,1,4,0.5,0,41.82,44.25,2011
0,0.05,0.5,60000,0.03,0.03,0.0005,0,1,1,0.35,0,0.005,10,10,0.005,0.005,0.32,0.015,0.005,1,0,1,-1,1,4,0.5,0,39.13,44.25,1998
0,0.05,0.5,60000,0.03,0.03,0.0005,0,1,1,0.35,0,0.005,10,10,0.005,0.005,0.32,0.015,0.005,1,0,1,-1,1,4,0.5,0,36.63,45.15,50
0,0.05,0.5,60000,0.03,0.03,0.0005,0,1,1,0.35,0,0.005,10,10,0.005,0.005,0.32,0.015,0.005,1,0,1,-1,1,4,0.5,0,47.93,53.62,420
0,0.05,0.5,60000,0.03,0.03,0.0005,0,1,1,0.35,0,0.005,10,10,0.005,0.005,0.32,0.03,0.005,1,0,1,-1,1,4,0.5,0,37.52,46.62,100
0,0.05,0.5,60000,0.03,0.03,0.0005,0,1,1,0.35,0,0.005,10,10,0.005,0.005,0.32,0.03,0.005,1,0,1,-1,1,4,0.5,0,32.36,44.09,2011
0,0.05,0.5,60000,0.03,0.03,0.0005,0,1,1,0.35,0,0.005,10,10,0.005,0.005,0.32,0.03,0.005,1,0,1,-1,1,4,0.5,0,32.43,42.78,1998
0,0.05,0.5,60000,0.03,0.03,0.0005,0,1,1,0.35,0,0.005,10,10,0.005,0.005,0.32,0.03,0.005,1,0,1,-1,1,4,0.5,0,31.85,36.86,50
0,0.05,0.5,60000,0.03,0.03,0.0005,0,1,1,0.35,0,0.005,10,10,0.005,0.005,0.32,0.03,0.005,1,0,1,-1,1,4,0.5,0,36.99,39.97,420
0,0.05,0.5,60000,0.03,0.03,0.0005,0,1,1,0.35,0,0.005,10,10,0.005,0.005,0.32,0.06,0.005,1,0,1,-1,1,4,0.5,0,35.83,47.15,100
0,0.05,0.5,60000,0.03,0.03,0.0005,0,1,1,0.35,0,0.005,10,10,0.005,0.005,0.32,0.06,0.005,1,0,1,-1,1,4,0.5,0,36.12,43.91,2011
0,0.05,0.5,60000,0.03,0.03,0.0005,0,1,1,0.35,0,0.005,10,10,0.005,0.005,0.32,0.06,0.005,1,0,1,-1,1,4,0.5,0,26.8,35.38,1998
0,0.05,0.5,60000,0.03,0.03,0.0005,0,1,1,0.35,0,0.005,10,10,0.005,0.005,0.32,0.06,0.005,1,0,1,-1,1,4,0.5,0,37.1,42.95,50
0,0.05,0.5,60000,0.03,0.03,0.0005,0,1,1,0.35,0,0.005,10,10,0.005,0.005,0.32,0.06,0.005,1,0,1,-1,1,4,0.5,0,36.79,37.89,420
0,0.05,0.5,60000,0.03,0.03,0.0005,0,1,1,0.35,0,0.005,10,10,0.005,0.005,0.32,0.12,0.005,1,0,1,-1,1,4,0.5,0,29.92,40.33,100
0,0.05,0.5,60000,0.03,0.03,0.0005,0,1,1,0.35,0,0.005,10,10,0.005,0.005,0.32,0.12,0.005,1,0,1,-1,1,4,0.5,0,33.03,38.67,2011
0,0.05,0.5,60000,0.03,0.03,0.0005,0,1,1,0.35,0,0.005,10,10,0.005,0.005,0.32,0.12,0.005,1,0,1,-1,1,4,0.5,0,26.73,40.27,1998
0,0.05,0.5,60000,0.03,0.03,0.0005,0,1,1,0.35,0,0.005,10,10,0.005,0.005,0.32,0.12,0.005,1,0,1,-1,1,4,0.5,0,25.13,38.21,50
0,0.05,0.5,60000,0.03,0.03,0.0005,0,1,1,0.35,0,0.005,10,10,0.005,0.005,0.32,0.12,0.005,1,0,1,-1,1,4,0.5,0,23.75,37.97,420
0,0.05,0.5,60000,0.03,0.03,0.0005,0,1,1,0.35,0,0.005,10,10,0.005,0.005,0.32,0.015,0.005,1,0,1,-1,1,4,0.5,0,37.55,49.11,100
0,0.05,0.5,60000,0.03,0.03,0.0005,0,1,1,0.35,0,0.005,10,10,0.005,0.005,0.00125,0.015,0.005,1,0,1,-1,1,4,0.5,0,63.39,63.48,2011
0,0.05,0.5,60000,0.03,0.03,0.0005,0,1,1,0.35,0,0.005,10,10,0.005,0.005,0.00125,0.015,0.005,1,0,1,-1,1,4,0.5,0,60.74,60.83,1998
0,0.05,0.5,60000,0.03,0.03,0.0005,0,1,1,0.35,0,0.005,10,10,0.005,0.005,0.00125,0.015,0.005,1,0,1,-1,1,4,0.5,0,61.55,61.71,100
0,0.05,0.5,60000,0.03,0.03,0.0005,0,1,1,0.35,0,0.005,10,10,0.005,0.005,0.00125,0.015,0.005,1,0,1,-1,1,4,0.5,0,60.52,60.57,420